treatment,treatment_label,replicate,week,soil_pH,organic_carbon_pct,available_N_mgkg,available_P_mgkg,available_K_mgkg,MBC_ugg,MBN_ugg,MBP_ugg,MBK_ugg,urease_activity,amylase_activity,dehydrogenase_activity,genus_Bacillus,genus_Pseudomonas,genus_Azotobacter,genus_Rhizobium,genus_Streptomyces,genus_Arthrobacter,genus_Enterobacter,genus_Nitrosomonas,genus_Flavobacterium,genus_Serratia,genus_Micrococcus,genus_Paenibacillus,leaf_number_6wap,plant_height_cm,shoot_dry_matter_g,grain_yield_kg_ha
A,Unamended control,1,0,6.11,1.38,55.8,11.8,47.3,104.5,18.0,8.2,13.0,12.44,7.81,5.73,498,750,725,1116,444,1923,317,2475,69,260,292,451,,31.0,4.45,
A,Unamended control,1,2,6.14,1.43,53.5,10.6,60.7,138.2,18.4,10.1,13.3,15.99,7.47,3.1,867,159,1820,1229,395,455,1066,1401,293,61,183,977,,29.6,4.4,
A,Unamended control,1,4,6.01,1.57,49.3,10.0,57.4,108.3,19.3,8.1,13.2,16.69,7.23,5.69,683,800,52,146,303,2421,1390,2476,514,158,975,52,,29.9,4.06,
A,Unamended control,1,6,6.3,1.49,47.8,10.8,61.4,147.7,20.5,9.7,17.0,11.81,5.56,3.82,506,1575,48,1084,399,1298,2,2581,366,2310,684,24,9.2,34.6,4.15,
A,Unamended control,1,8,6.21,1.47,47.3,9.2,56.0,160.3,15.7,10.6,11.1,18.29,7.26,4.79,395,54,328,1301,551,533,268,3794,56,37,332,529,,26.7,4.49,
A,Unamended control,1,10,6.0,1.54,52.7,11.2,69.2,130.9,20.2,5.5,13.4,13.1,4.75,3.97,336,61,294,1333,1961,204,677,1136,639,345,238,1561,,27.5,2.84,
A,Unamended control,1,12,6.04,1.42,51.2,9.4,60.5,104.2,14.0,13.1,10.4,12.46,9.7,8.56,62,90,200,1727,1561,112,584,2640,1122,247,2089,1122,,35.9,5.09,2536.5
A,Unamended control,2,0,5.95,1.37,58.0,10.8,61.9,97.8,20.4,9.6,10.2,13.59,6.82,4.86,547,202,1314,317,380,214,1549,2063,152,181,953,1074,,34.2,4.26,
A,Unamended control,2,2,6.18,1.47,52.6,9.4,65.3,107.4,20.1,8.5,16.0,17.38,9.37,5.72,21,1832,1756,196,584,156,209,2370,557,778,744,1713,,27.4,4.51,
A,Unamended control,2,4,6.22,1.54,53.8,10.9,54.5,124.0,17.4,9.6,15.7,12.07,6.32,6.67,178,535,523,1145,1227,371,1995,2221,31,22,741,684,,22.3,4.08,
A,Unamended control,2,6,5.99,1.58,56.4,10.8,64.6,130.7,19.6,7.7,12.9,15.97,7.89,4.46,1056,451,90,328,1907,1699,667,2203,696,233,199,1469,9.5,26.2,4.36,
A,Unamended control,2,8,6.04,1.31,57.8,9.7,57.2,112.4,16.2,9.9,12.9,16.49,7.22,6.56,141,624,1580,542,3042,143,846,2238,91,247,95,857,,28.5,4.21,
A,Unamended control,2,10,6.15,1.5,58.8,9.0,60.8,168.5,19.0,11.7,13.7,17.37,6.61,4.82,214,1274,1533,2198,396,428,61,603,2226,516,309,1323,,24.8,3.95,
A,Unamended control,2,12,6.07,1.53,57.8,11.3,65.1,120.3,21.1,12.2,11.2,13.09,8.9,4.84,2164,2262,1011,541,293,43,441,503,794,458,759,1482,,30.8,4.48,2514.1
A,Unamended control,3,0,6.37,1.49,50.5,9.3,52.8,105.3,14.9,8.7,13.8,15.15,5.18,5.88,800,1299,481,361,194,30,1256,2028,62,929,2104,123,,25.3,4.15,
A,Unamended control,3,2,6.33,1.31,45.9,9.8,56.2,137.3,18.5,5.7,14.4,13.39,8.5,4.09,1137,1284,330,75,773,1476,723,2812,734,320,720,1494,,36.7,3.78,
A,Unamended control,3,4,5.77,1.48,51.2,10.2,53.0,134.9,19.5,6.3,14.9,21.41,6.8,4.49,498,5229,28,405,88,107,913,2393,393,1096,383,30,,27.6,2.51,
A,Unamended control,3,6,6.18,1.56,49.3,8.6,65.1,132.5,25.2,9.8,14.3,14.87,7.89,5.69,2098,1028,335,1322,492,939,1522,1637,2,249,1887,124,10.0,26.4,3.53,
A,Unamended control,3,8,6.14,1.5,56.4,10.6,64.6,112.9,18.1,8.7,10.4,10.81,7.74,4.56,91,1147,65,1783,299,438,441,2214,924,1205,9,1216,,28.3,3.56,
A,Unamended control,3,10,6.06,1.5,48.4,13.8,71.5,146.5,15.5,10.7,15.1,16.95,8.7,5.79,779,821,374,39,1951,486,343,752,393,587,1781,343,,29.6,4.0,
A,Unamended control,3,12,5.9,1.53,50.1,8.9,64.2,136.5,13.1,9.0,16.1,18.93,8.4,5.12,327,357,3257,833,699,809,1287,2507,628,87,564,165,,29.7,4.17,2410.6
A,Unamended control,4,0,6.24,1.18,54.0,12.7,52.2,118.3,15.3,7.2,12.2,19.28,9.34,4.4,1095,1633,515,809,211,304,1708,2026,1263,670,90,609,,29.8,3.4,
A,Unamended control,4,2,6.17,1.52,42.8,7.5,59.3,121.8,17.4,8.8,13.7,17.97,4.68,3.44,141,64,53,693,28,481,623,3500,1059,641,313,1944,,25.9,3.57,
A,Unamended control,4,4,6.12,1.58,49.5,12.0,66.6,147.7,19.5,11.4,8.5,14.3,5.13,5.03,172,1660,454,316,484,1381,539,1270,772,822,1004,185,,20.4,4.28,
A,Unamended control,4,6,5.51,1.32,55.2,11.3,53.1,116.6,22.1,8.1,18.9,15.37,7.23,6.88,1900,534,105,291,1108,610,1260,1290,667,958,219,1392,8.1,30.3,3.89,
A,Unamended control,4,8,5.99,1.63,60.6,13.3,68.3,126.8,19.2,10.5,13.7,15.89,7.96,4.91,193,978,753,382,534,1545,62,833,342,968,627,944,,28.3,2.79,
A,Unamended control,4,10,6.07,1.54,58.7,12.5,62.0,122.0,19.8,8.2,13.5,18.58,5.81,5.99,518,771,384,131,584,415,284,3082,978,489,418,1108,,27.6,4.09,
A,Unamended control,4,12,5.9,1.6,61.0,10.6,59.9,113.9,17.8,6.4,11.3,16.43,8.87,8.44,275,554,1034,783,368,1028,382,2946,513,723,1641,1196,,31.2,3.49,2615.2
A,Unamended control,5,0,5.86,1.4,58.5,11.7,67.9,119.9,14.1,8.4,13.3,15.24,8.21,4.37,494,963,321,617,1125,93,265,1530,316,657,452,2811,,27.4,4.01,
A,Unamended control,5,2,6.16,1.56,50.4,12.0,65.5,127.9,20.6,9.4,11.7,17.22,6.64,4.85,2356,95,378,45,151,2952,378,609,166,64,759,922,,31.7,3.54,
A,Unamended control,5,4,6.15,1.51,45.7,10.0,61.9,135.4,17.5,11.7,15.7,14.48,7.72,7.21,2330,591,47,277,812,178,25,2237,234,1510,46,509,,29.1,4.82,
A,Unamended control,5,6,6.12,1.62,48.4,11.4,64.4,118.7,19.7,10.0,11.9,12.01,4.69,5.04,738,490,778,1385,1961,1353,233,1905,1274,168,223,902,10.6,27.9,4.67,
A,Unamended control,5,8,6.07,1.63,51.0,10.6,59.7,115.9,20.1,10.3,14.9,20.11,8.96,4.53,853,441,2076,384,1170,1228,651,1719,1256,238,11,1139,,25.9,3.52,
A,Unamended control,5,10,6.07,1.29,56.6,11.8,59.2,92.3,15.3,11.4,6.6,14.58,4.81,5.99,1263,1214,629,98,380,239,970,3070,63,27,2324,1146,,30.9,4.52,
A,Unamended control,5,12,6.47,1.52,49.8,11.4,63.7,122.7,15.3,13.4,14.4,13.55,8.23,4.94,284,58,768,603,185,284,912,2622,573,1340,973,845,,29.5,4.37,2579.0
A,Unamended control,6,0,6.09,1.53,59.4,12.2,41.8,119.2,17.1,5.6,13.2,18.75,4.66,5.2,113,1646,828,2226,335,42,394,1075,798,885,676,2755,,32.8,4.82,
A,Unamended control,6,2,5.93,1.78,57.3,11.9,59.5,121.8,17.1,9.6,16.6,15.67,5.0,5.83,1148,854,157,45,452,1323,665,3069,699,1528,293,757,,33.5,3.96,
A,Unamended control,6,4,6.4,1.53,61.5,11.1,65.5,115.3,15.3,9.8,15.7,15.37,4.46,3.26,63,688,912,770,6,391,1366,2749,1355,1447,891,490,,27.3,3.41,
A,Unamended control,6,6,6.01,1.39,54.5,8.9,64.3,109.6,16.3,7.9,16.6,16.37,6.24,5.53,246,59,2208,68,431,1018,168,2942,1604,30,618,1661,8.3,35.3,3.5,
A,Unamended control,6,8,6.17,1.33,48.5,12.9,58.8,141.0,18.9,8.9,16.8,14.79,3.79,4.02,389,216,499,100,165,2409,662,3241,287,431,669,1139,,30.4,4.09,
A,Unamended control,6,10,5.84,1.39,53.6,12.2,47.5,134.7,21.9,8.9,14.9,13.52,6.51,3.08,304,215,86,548,101,1004,2023,2187,218,579,196,633,,31.1,5.87,
A,Unamended control,6,12,5.79,1.58,50.0,11.6,61.4,142.0,22.0,9.6,16.4,8.72,9.3,5.52,1846,236,588,1711,1788,551,1021,2485,69,602,567,312,,31.2,3.92,2380.9
B,NPK inorganic fertilizer,1,0,5.91,2.0,61.2,15.1,80.8,225.8,22.7,12.8,23.5,26.07,8.89,7.77,790,504,163,848,312,979,519,621,1544,1152,915,1091,,34.5,4.67,
B,NPK inorganic fertilizer,1,2,6.07,1.82,72.8,13.5,95.1,166.7,27.0,11.1,18.0,23.24,6.43,7.9,2134,868,849,155,994,803,673,676,241,2145,788,672,,35.4,5.51,
B,NPK inorganic fertilizer,1,4,6.15,1.96,64.3,13.5,87.2,175.0,26.1,11.9,19.8,21.96,12.66,8.33,337,427,968,1354,831,603,1167,3817,916,426,417,720,,32.7,7.31,
B,NPK inorganic fertilizer,1,6,6.08,2.01,65.8,17.0,89.3,202.7,23.0,13.9,16.9,27.82,11.74,7.95,1055,1512,772,171,995,173,514,663,696,728,754,857,11.0,38.6,4.52,
B,NPK inorganic fertilizer,1,8,5.85,2.06,73.0,14.9,80.7,211.0,30.2,14.6,19.3,17.43,11.83,9.42,1462,1409,899,1067,1818,1072,881,1253,1025,317,214,488,,34.1,5.89,
B,NPK inorganic fertilizer,1,10,6.11,2.12,76.1,13.7,83.4,219.4,28.9,11.4,21.9,20.81,13.01,9.29,842,478,588,1165,707,357,1085,2051,1060,400,163,370,,31.6,6.14,
B,NPK inorganic fertilizer,1,12,6.3,1.97,68.8,11.7,83.7,197.8,23.4,14.9,19.4,21.15,10.01,9.46,1375,973,986,711,1024,1336,1871,1271,788,232,211,934,,33.4,6.39,3583.1
B,NPK inorganic fertilizer,2,0,5.89,1.9,65.7,15.9,71.9,214.1,25.9,10.9,17.3,20.1,7.96,7.61,409,980,597,544,1316,243,1159,2973,843,1356,852,605,,35.7,5.45,
B,NPK inorganic fertilizer,2,2,6.09,2.06,69.6,13.7,81.5,218.2,22.3,14.6,14.5,23.46,12.67,8.2,1037,776,521,994,704,1174,1014,1467,1119,523,707,1139,,38.6,5.51,
B,NPK inorganic fertilizer,2,4,5.98,2.13,74.6,12.4,92.4,205.4,26.7,16.2,19.9,23.04,9.24,8.42,1098,282,799,303,155,630,615,994,1256,1022,995,1196,,33.2,4.8,
B,NPK inorganic fertilizer,2,6,6.0,2.09,74.7,14.6,75.9,209.8,23.4,15.6,26.9,24.54,11.38,7.25,240,363,2173,1132,787,877,814,561,764,539,876,180,11.3,32.3,5.78,
B,NPK inorganic fertilizer,2,8,6.3,2.12,72.5,13.9,79.7,208.0,28.0,14.8,20.3,26.21,10.75,8.89,907,529,342,456,1392,343,678,1112,746,468,642,741,,33.6,5.79,
B,NPK inorganic fertilizer,2,10,6.15,2.07,84.8,14.0,86.9,219.8,28.0,18.1,19.3,25.03,9.47,7.64,735,649,759,2577,440,342,654,856,367,613,771,1121,,33.4,6.59,
B,NPK inorganic fertilizer,2,12,6.25,2.14,80.7,19.1,75.0,195.4,26.3,12.5,17.8,23.48,8.95,8.58,715,1153,619,868,468,701,585,1257,384,918,185,771,,34.1,5.55,3355.8
B,NPK inorganic fertilizer,3,0,6.16,2.02,75.4,13.6,77.3,196.6,27.8,12.2,21.0,25.44,12.07,9.63,346,515,455,717,1006,290,741,2263,817,186,332,665,,34.1,6.24,
B,NPK inorganic fertilizer,3,2,6.03,1.8,75.5,14.9,77.2,169.0,24.1,13.1,22.2,19.7,10.01,8.42,66,349,1050,1237,684,583,1397,1345,482,376,1166,63,,40.9,5.23,
B,NPK inorganic fertilizer,3,4,5.85,2.14,71.6,16.0,83.4,202.4,27.8,14.6,25.2,26.04,7.77,8.26,1744,734,1476,542,924,547,673,923,969,1102,1125,915,,34.6,5.87,
B,NPK inorganic fertilizer,3,6,6.49,1.97,74.3,16.3,89.5,198.4,19.9,14.5,14.2,27.85,10.72,9.04,293,742,454,2239,1332,1213,132,1087,487,1365,796,600,10.1,29.2,5.78,
B,NPK inorganic fertilizer,3,8,6.2,2.17,80.9,17.0,77.5,195.7,28.8,18.3,23.7,27.11,9.98,6.89,1199,732,1833,145,417,750,1277,687,543,1187,768,1226,,33.3,5.05,
B,NPK inorganic fertilizer,3,10,6.08,2.02,70.5,15.6,81.7,218.5,28.6,12.6,18.1,19.12,11.22,7.64,102,423,202,1328,515,1034,174,2486,772,2164,719,238,,33.2,5.87,
B,NPK inorganic fertilizer,3,12,6.11,1.95,69.6,15.3,91.2,204.6,28.3,15.1,18.1,26.59,12.21,11.3,557,1186,521,1013,1220,1255,178,487,645,488,533,1083,,35.2,6.07,3546.0
B,NPK inorganic fertilizer,4,0,6.01,1.95,59.8,14.3,84.6,185.8,31.4,11.4,19.5,22.39,9.84,7.36,685,1336,604,870,1104,1186,474,842,890,1107,1265,1283,,37.7,5.32,
B,NPK inorganic fertilizer,4,2,6.06,2.17,71.8,15.4,81.6,184.0,26.4,15.8,20.6,17.68,9.81,9.75,570,1530,558,1048,1504,740,523,729,214,835,807,903,,34.3,6.77,
B,NPK inorganic fertilizer,4,4,5.89,2.05,63.1,14.1,79.1,164.2,27.9,12.7,14.3,25.64,12.6,9.51,624,928,804,468,266,1559,959,672,298,899,262,387,,36.9,6.22,
B,NPK inorganic fertilizer,4,6,6.16,2.18,73.8,15.4,77.6,230.6,28.5,14.8,15.7,20.97,12.43,8.18,283,695,967,1900,654,1687,311,1219,297,976,679,661,11.2,34.1,5.59,
B,NPK inorganic fertilizer,4,8,6.35,2.2,68.9,14.5,84.0,186.2,27.2,13.7,22.9,27.37,10.07,7.69,1293,1031,384,1646,2006,1066,358,1109,547,490,503,980,,33.9,5.54,
B,NPK inorganic fertilizer,4,10,5.94,1.99,74.3,14.2,82.7,203.5,25.8,15.1,23.8,22.67,11.53,7.77,1103,1112,1267,861,692,967,851,490,435,639,1518,1069,,38.8,5.15,
B,NPK inorganic fertilizer,4,12,6.28,2.2,75.6,14.6,87.7,163.6,29.0,13.8,20.4,26.49,10.78,6.81,851,801,1520,972,194,650,496,2481,438,1881,909,482,,43.9,6.71,3186.8
B,NPK inorganic fertilizer,5,0,6.25,1.85,61.1,15.5,87.0,205.7,24.6,12.7,20.9,23.67,9.37,5.56,507,254,541,750,79,803,259,1811,752,795,422,1787,,36.4,4.89,
B,NPK inorganic fertilizer,5,2,6.38,1.89,73.3,15.7,83.2,194.2,26.4,13.1,17.8,21.46,12.52,7.48,529,1985,767,940,760,1626,577,1840,187,428,721,787,,33.6,4.69,
B,NPK inorganic fertilizer,5,4,6.27,2.08,75.7,12.0,83.5,205.6,23.6,13.4,19.2,28.65,13.38,5.73,2359,850,396,703,557,743,1327,1198,356,264,1205,1551,,33.0,6.57,
B,NPK inorganic fertilizer,5,6,6.14,2.02,70.6,13.1,73.8,207.7,24.7,19.0,17.0,19.67,11.27,9.67,757,107,347,778,557,419,868,1805,727,785,566,421,10.9,33.8,5.29,
B,NPK inorganic fertilizer,5,8,5.97,2.14,73.4,13.3,88.4,192.6,23.2,15.5,18.7,22.52,10.67,9.32,666,671,1625,111,2056,1629,1033,1067,443,826,770,521,,39.5,6.38,
B,NPK inorganic fertilizer,5,10,6.04,1.72,64.9,16.9,82.0,192.5,32.7,16.2,20.3,23.18,10.54,8.34,1600,1450,301,594,253,872,815,657,753,1009,1448,2165,,39.3,5.78,
B,NPK inorganic fertilizer,5,12,6.15,1.99,75.1,15.4,80.5,204.6,26.3,18.2,20.3,29.01,10.59,8.49,151,870,978,893,1121,1289,271,1402,315,605,124,331,,35.7,6.32,3989.9
B,NPK inorganic fertilizer,6,0,6.1,1.9,70.6,15.5,76.6,180.5,29.2,13.7,13.9,18.82,12.4,7.98,448,895,324,1002,1387,954,1130,1517,730,827,548,673,,36.6,6.03,
B,NPK inorganic fertilizer,6,2,6.36,2.09,66.1,12.8,80.4,186.0,22.9,12.4,18.1,20.8,9.64,9.03,1012,707,763,994,765,1017,1203,957,261,1217,432,534,,31.8,5.02,
B,NPK inorganic fertilizer,6,4,6.17,2.1,77.7,13.3,87.4,183.7,32.2,11.3,22.8,21.16,13.52,8.43,338,795,679,1055,364,752,1570,1188,432,262,794,1019,,36.2,5.96,
B,NPK inorganic fertilizer,6,6,6.14,2.06,68.6,15.0,86.6,188.2,27.2,12.4,18.4,20.06,12.48,9.12,1156,718,457,914,1433,796,905,933,786,482,725,490,11.4,37.8,5.3,
B,NPK inorganic fertilizer,6,8,6.2,1.92,69.9,13.2,76.4,217.0,29.5,15.5,20.1,26.08,7.78,8.99,1255,1240,404,1677,794,682,454,1079,474,1850,983,924,,39.5,5.57,
B,NPK inorganic fertilizer,6,10,6.32,2.1,72.0,15.5,86.3,219.1,26.1,13.9,20.1,26.17,9.11,9.28,911,1296,1162,707,325,485,647,422,257,1493,1123,917,,39.0,5.12,
B,NPK inorganic fertilizer,6,12,6.32,1.96,75.8,15.3,88.2,211.6,25.6,11.6,22.7,24.93,12.74,8.12,315,756,700,599,1223,1085,774,214,726,1718,794,263,,39.4,4.61,3208.4
C,Farmyard manure compost,1,0,6.08,2.08,70.8,12.6,84.3,167.9,27.6,9.9,20.7,20.03,7.75,6.79,696,589,808,538,577,1019,762,1365,443,626,641,923,,37.4,5.71,
C,Farmyard manure compost,1,2,5.89,1.85,68.5,14.7,82.7,185.7,26.7,12.6,16.5,20.75,9.57,7.11,142,894,732,389,729,2051,275,1777,1093,899,1295,684,,32.4,4.99,
C,Farmyard manure compost,1,4,5.98,1.93,68.1,10.3,79.4,170.0,26.7,10.3,18.5,20.96,10.15,7.4,788,74,952,1402,567,1083,2670,1690,923,65,419,542,,36.3,4.82,
C,Farmyard manure compost,1,6,6.1,1.7,66.6,14.4,83.8,175.7,28.7,10.0,15.6,24.22,12.48,7.95,535,121,546,730,1519,1226,647,670,720,979,945,1571,10.8,30.8,5.73,
C,Farmyard manure compost,1,8,6.04,1.95,68.3,16.8,91.5,189.6,26.1,12.3,21.7,21.39,9.27,8.63,366,224,1532,1220,865,456,571,467,720,1352,1190,158,,36.6,4.69,
C,Farmyard manure compost,1,10,6.23,1.7,69.3,15.8,80.5,183.9,28.8,14.8,22.4,25.28,11.81,8.44,550,587,309,714,809,926,879,1707,158,1618,623,289,,30.9,5.16,
C,Farmyard manure compost,1,12,6.3,2.02,69.5,14.9,80.9,194.0,28.5,11.9,19.5,22.0,7.67,6.55,2052,313,788,750,966,324,678,938,1081,1086,562,1554,,33.1,4.88,3498.5
C,Farmyard manure compost,2,0,5.88,1.99,65.7,13.1,79.0,187.7,22.1,13.6,18.3,17.48,9.13,8.71,1411,163,866,834,760,119,581,574,1678,427,1662,587,,32.4,5.22,
C,Farmyard manure compost,2,2,6.34,2.11,69.9,13.0,92.2,175.1,23.2,9.3,21.7,24.44,13.4,5.48,1840,1015,1735,750,258,630,835,1772,535,488,564,1408,,34.4,4.75,
C,Farmyard manure compost,2,4,6.32,1.98,72.0,15.5,74.2,182.0,24.7,10.3,17.8,25.82,10.05,5.64,229,788,692,1792,1338,1725,1345,1543,664,447,782,623,,33.9,4.41,
C,Farmyard manure compost,2,6,6.14,1.79,60.4,14.0,81.8,194.3,27.2,9.3,15.3,28.01,8.13,8.09,444,521,804,305,530,3208,1176,309,1669,494,318,703,10.1,36.2,5.28,
C,Farmyard manure compost,2,8,6.11,2.01,69.0,13.5,82.5,198.9,25.4,13.1,16.9,19.79,11.17,7.99,894,576,1137,615,936,807,392,3720,709,388,428,188,,29.8,5.85,
C,Farmyard manure compost,2,10,6.55,1.92,62.0,15.4,76.1,210.9,25.3,12.0,18.7,24.93,9.71,6.96,649,1061,471,805,761,1295,1182,938,968,1543,380,623,,29.6,4.96,
C,Farmyard manure compost,2,12,6.34,2.2,65.0,13.7,81.5,220.6,25.0,12.4,23.2,21.81,11.37,5.88,1016,353,816,485,880,130,939,1953,936,682,869,809,,40.0,5.41,3479.7
C,Farmyard manure compost,3,0,6.32,1.87,65.9,12.9,75.0,191.8,25.3,12.7,15.2,18.35,12.83,6.84,410,769,684,669,753,2083,83,4552,398,347,571,149,,32.8,5.49,
C,Farmyard manure compost,3,2,5.95,1.98,61.8,16.0,67.0,165.1,26.2,15.5,19.0,23.22,9.56,5.92,711,461,610,1022,941,2187,1769,1664,751,701,336,349,,29.4,4.49,
C,Farmyard manure compost,3,4,6.4,1.83,70.0,14.6,82.1,161.1,24.5,9.7,24.6,17.03,7.99,6.0,156,2227,245,560,304,721,533,1754,971,207,312,1025,,35.6,5.49,
C,Farmyard manure compost,3,6,6.31,1.98,69.4,16.0,79.6,181.9,23.0,14.0,21.8,21.94,11.9,4.99,1011,740,1009,1071,277,679,2207,2295,895,608,685,311,10.9,39.8,5.02,
C,Farmyard manure compost,3,8,6.18,1.98,68.4,15.1,84.3,193.8,25.1,12.3,15.5,19.96,8.94,6.11,953,396,334,439,349,618,277,1998,2355,612,969,1401,,37.0,6.51,
C,Farmyard manure compost,3,10,6.16,1.95,77.9,15.5,78.5,191.5,26.8,13.7,15.7,18.03,8.66,6.4,378,591,323,1016,312,1915,474,1261,582,338,532,660,,37.8,5.47,
C,Farmyard manure compost,3,12,6.19,1.91,73.9,14.8,86.4,204.6,28.3,13.1,20.0,26.13,9.17,6.9,922,486,916,847,785,320,100,1007,1582,916,1514,562,,37.6,6.95,3255.4
C,Farmyard manure compost,4,0,6.02,1.73,69.8,10.8,79.8,191.3,25.9,11.9,19.4,21.76,8.16,9.27,556,1479,1345,618,932,1510,589,1173,314,914,1411,835,,37.1,4.79,
C,Farmyard manure compost,4,2,6.19,1.88,62.4,12.6,85.6,184.5,21.9,13.0,17.9,31.89,9.99,6.69,1960,747,730,593,1131,517,1010,1787,294,1013,730,314,,35.7,5.94,
C,Farmyard manure compost,4,4,6.23,1.92,64.6,12.1,75.0,190.1,26.2,8.8,16.5,25.43,9.8,5.55,2154,591,448,1887,793,290,308,347,753,51,1941,485,,37.1,6.04,
C,Farmyard manure compost,4,6,6.08,1.93,70.5,14.6,78.1,184.6,29.7,14.9,19.9,27.25,9.19,9.3,746,221,741,1617,1335,819,1254,1037,615,802,287,342,10.9,36.2,5.04,
C,Farmyard manure compost,4,8,6.35,1.91,67.5,14.7,68.6,177.0,28.8,9.8,21.7,26.91,9.35,7.81,1404,397,461,417,1716,268,951,1314,1156,589,1632,1202,,33.7,6.49,
C,Farmyard manure compost,4,10,6.03,1.88,69.7,14.7,77.8,167.8,23.6,15.4,19.3,24.01,9.66,6.76,1824,560,472,783,874,869,952,1240,685,1099,340,474,,35.5,4.97,
C,Farmyard manure compost,4,12,6.07,2.1,73.4,15.1,70.6,221.4,22.9,16.0,21.9,24.67,8.84,7.84,538,573,1334,525,972,116,972,516,252,402,578,1969,,36.4,5.37,3090.9
C,Farmyard manure compost,5,0,5.81,1.99,69.2,13.1,75.7,190.0,19.9,11.2,15.2,26.56,10.8,4.41,233,414,2113,994,593,622,205,1151,343,223,782,357,,32.6,4.84,
C,Farmyard manure compost,5,2,6.37,1.88,74.0,12.7,78.8,180.6,19.8,15.0,17.9,23.77,8.33,6.95,309,613,1506,1118,406,933,268,432,147,642,999,1150,,31.3,5.51,
C,Farmyard manure compost,5,4,5.81,1.9,63.2,13.8,71.6,190.3,25.3,15.1,18.5,19.51,9.27,5.64,997,2796,591,826,561,494,1017,1343,421,416,1321,1001,,36.7,5.6,
C,Farmyard manure compost,5,6,6.17,1.92,71.2,14.1,79.2,176.8,30.6,10.9,19.7,21.13,12.62,6.27,541,1098,742,1180,232,332,632,2426,467,742,1930,1078,11.3,34.2,5.25,
C,Farmyard manure compost,5,8,5.87,1.82,71.3,13.7,80.1,204.5,22.3,12.5,19.4,20.26,12.23,8.55,761,180,962,925,1445,753,391,1358,503,700,1168,483,,39.8,5.69,
C,Farmyard manure compost,5,10,6.2,2.05,64.1,15.0,76.0,196.2,25.5,14.0,19.4,13.44,10.36,8.33,763,204,644,615,119,908,801,2078,772,1283,433,1199,,34.2,5.99,
C,Farmyard manure compost,5,12,6.27,1.93,72.7,16.0,92.6,205.0,26.6,13.1,20.7,22.59,10.51,6.39,1100,470,1650,378,1253,246,830,891,865,773,837,287,,32.7,4.88,3318.3
C,Farmyard manure compost,6,0,5.96,1.5,61.8,12.7,72.9,201.8,22.8,13.9,18.0,21.12,8.06,6.98,316,752,1861,710,1149,707,466,1773,341,1630,1233,537,,33.7,4.98,
C,Farmyard manure compost,6,2,6.22,1.91,69.1,15.5,79.6,193.5,22.1,10.5,22.3,21.83,8.54,6.41,457,333,684,1473,820,672,1193,2184,1184,205,1139,1008,,35.9,5.56,
C,Farmyard manure compost,6,4,6.05,2.04,63.9,12.8,87.9,197.0,24.2,13.1,18.8,13.58,8.22,7.19,586,1112,267,486,616,112,612,2287,716,492,703,726,,30.8,4.73,
C,Farmyard manure compost,6,6,5.87,2.03,70.3,14.6,70.3,213.2,23.7,13.1,20.8,19.13,8.93,7.57,1711,956,514,753,1059,37,606,1046,161,397,832,498,9.6,34.7,6.61,
C,Farmyard manure compost,6,8,6.22,1.74,54.1,15.0,79.1,206.0,23.2,13.6,21.0,21.03,9.26,7.49,1508,2393,236,515,1454,774,843,570,933,482,609,524,,32.9,5.2,
C,Farmyard manure compost,6,10,6.1,2.11,60.9,12.1,68.8,175.1,23.7,10.2,17.3,16.61,8.45,9.0,990,193,218,991,1418,794,487,582,1510,276,681,840,,32.5,5.58,
C,Farmyard manure compost,6,12,6.0,1.94,81.8,14.4,74.1,196.6,22.4,11.1,16.7,21.6,11.71,8.35,949,463,631,1170,1073,612,1244,686,369,990,835,206,,35.4,5.7,3766.6
D,Compost + leaf-litter blend,1,0,6.35,2.12,68.2,13.8,82.9,189.4,28.9,14.3,17.3,27.34,10.76,5.88,719,1014,1017,1180,620,1271,350,1150,495,156,410,460,,35.5,6.88,
D,Compost + leaf-litter blend,1,2,6.37,2.09,73.7,16.0,91.2,191.6,27.6,10.6,23.1,30.29,10.89,5.52,1260,629,1048,614,412,747,821,1573,697,1014,1623,1248,,31.1,6.96,
D,Compost + leaf-litter blend,1,4,5.95,2.12,76.6,15.3,82.5,219.5,23.5,14.0,19.1,22.41,11.62,9.49,615,721,672,515,1176,248,478,1564,299,700,587,579,,34.2,6.54,
D,Compost + leaf-litter blend,1,6,6.1,1.96,73.3,11.2,85.7,207.5,31.0,10.9,23.7,27.24,13.1,8.26,1305,745,270,837,1204,141,1342,1031,954,947,763,711,11.4,36.9,5.33,
D,Compost + leaf-litter blend,1,8,6.29,1.99,75.2,14.8,89.5,181.3,31.6,13.3,24.1,23.69,11.18,10.74,551,659,764,487,902,570,1411,710,1796,846,652,636,,34.3,5.41,
D,Compost + leaf-litter blend,1,10,6.03,2.32,82.3,15.2,88.5,203.9,32.0,14.0,20.7,27.3,11.12,8.29,688,1254,1006,457,749,574,513,894,783,298,689,505,,38.6,6.37,
D,Compost + leaf-litter blend,1,12,6.08,2.21,77.0,11.3,86.4,235.3,24.7,15.1,25.6,23.53,11.59,7.13,1802,426,1141,555,489,808,1763,694,238,825,1204,633,,37.1,7.43,3908.4
D,Compost + leaf-litter blend,2,0,5.9,1.95,69.7,14.5,83.1,245.9,24.2,14.1,21.5,23.75,10.78,6.7,819,921,1671,833,507,891,433,506,268,592,958,566,,37.6,5.32,
D,Compost + leaf-litter blend,2,2,6.05,2.19,78.2,15.7,90.0,174.4,31.8,14.6,22.8,25.26,10.84,7.74,639,767,391,371,310,342,818,943,892,2043,626,505,,40.7,6.29,
D,Compost + leaf-litter blend,2,4,5.98,2.12,68.4,12.7,86.9,214.9,30.9,15.0,21.9,21.48,10.76,6.39,157,245,1020,782,113,487,1520,1168,1027,553,403,1390,,33.9,6.09,
D,Compost + leaf-litter blend,2,6,6.53,2.1,82.8,14.0,86.1,219.4,29.7,12.9,18.8,27.75,13.0,10.14,1581,438,1100,428,945,1141,1446,888,237,300,1467,491,11.6,38.0,6.14,
D,Compost + leaf-litter blend,2,8,6.42,2.24,71.0,16.5,92.7,217.8,32.3,14.8,21.6,25.49,8.03,8.35,460,1299,557,670,455,1037,548,748,724,539,1680,1405,,42.4,6.48,
D,Compost + leaf-litter blend,2,10,6.21,2.12,74.0,15.5,93.7,215.9,28.4,14.2,23.9,29.14,10.36,7.77,1079,1520,742,740,379,600,1013,1199,1200,243,734,365,,40.8,5.14,
D,Compost + leaf-litter blend,2,12,6.17,2.02,80.5,16.8,97.0,211.1,32.5,17.3,17.5,27.65,13.12,8.38,281,359,748,537,852,1908,900,1311,413,714,826,341,,37.5,6.86,3383.1
D,Compost + leaf-litter blend,3,0,5.92,2.02,79.5,14.8,82.3,187.9,32.7,11.8,18.2,25.46,7.63,9.48,904,843,405,429,1400,790,647,1137,746,345,1033,1071,,40.3,6.23,
D,Compost + leaf-litter blend,3,2,6.28,2.27,70.3,13.3,80.1,200.2,20.7,13.5,18.9,26.45,11.33,7.35,1378,385,148,517,491,492,1056,1145,1906,431,820,1739,,33.3,6.23,
D,Compost + leaf-litter blend,3,4,6.26,1.97,78.9,14.7,77.0,213.9,28.8,13.7,20.5,22.28,11.91,8.15,701,287,171,374,991,278,1720,1645,324,573,424,854,,34.8,5.08,
D,Compost + leaf-litter blend,3,6,6.41,2.39,77.7,13.1,81.7,217.7,32.6,12.1,20.5,25.37,12.48,7.91,283,812,766,375,778,1407,451,573,647,435,1108,788,11.1,34.7,6.13,
D,Compost + leaf-litter blend,3,8,6.12,2.31,83.0,16.2,89.6,211.8,25.2,14.1,21.4,25.81,12.01,9.55,415,1106,500,584,930,673,219,1183,1449,1139,961,128,,38.2,6.38,
D,Compost + leaf-litter blend,3,10,6.1,1.9,80.6,18.0,95.1,186.3,24.8,13.1,17.4,25.6,12.05,6.85,958,669,234,836,810,518,1358,1125,399,667,624,696,,32.4,6.32,
D,Compost + leaf-litter blend,3,12,6.2,2.25,75.3,18.4,87.0,206.0,26.7,11.7,25.5,29.93,12.55,7.62,1823,774,1020,825,512,677,990,406,1296,966,1213,886,,36.9,6.16,3444.4
D,Compost + leaf-litter blend,4,0,6.32,2.08,73.8,15.8,83.6,248.7,27.9,14.1,15.7,22.12,12.44,6.35,176,1738,713,1111,164,1289,1188,1673,240,557,1062,1543,,33.4,5.89,
D,Compost + leaf-litter blend,4,2,6.04,2.02,75.4,9.7,98.9,212.5,26.0,17.4,19.4,24.49,9.99,10.06,523,575,594,1953,969,1101,522,438,538,353,351,1083,,39.6,5.22,
D,Compost + leaf-litter blend,4,4,6.22,2.34,75.7,13.8,87.9,200.0,24.0,15.3,23.3,23.5,10.33,7.04,619,216,743,913,402,581,696,400,602,604,1983,422,,37.2,6.01,
D,Compost + leaf-litter blend,4,6,6.04,2.07,65.6,16.5,81.8,209.6,24.3,13.2,20.1,24.75,11.86,10.05,759,1135,425,794,383,436,429,1279,954,725,165,900,11.4,44.2,6.06,
D,Compost + leaf-litter blend,4,8,6.17,1.95,81.9,14.5,83.5,232.3,32.4,16.5,20.2,24.97,11.16,9.38,1239,1486,640,1589,777,556,968,1038,565,490,1336,746,,39.2,6.85,
D,Compost + leaf-litter blend,4,10,6.41,2.15,80.0,15.2,91.5,220.8,29.5,14.9,22.5,24.59,11.04,10.62,1837,210,554,791,1083,473,217,396,620,129,768,1058,,34.7,6.72,
D,Compost + leaf-litter blend,4,12,6.65,1.88,81.4,12.9,91.8,216.0,30.1,13.2,23.6,21.47,13.58,8.2,229,529,1628,868,1866,720,884,1236,444,178,1460,872,,30.2,6.5,3519.7
D,Compost + leaf-litter blend,5,0,6.09,2.05,70.5,11.4,89.0,204.6,26.5,12.0,16.3,24.42,13.18,8.19,462,643,1586,1536,601,1471,1669,1733,625,156,1062,334,,37.8,4.95,
D,Compost + leaf-litter blend,5,2,6.24,2.06,70.6,16.0,71.2,209.2,32.6,16.5,21.2,23.19,9.75,7.71,872,1016,600,249,689,468,567,806,1707,961,329,1118,,33.7,5.91,
D,Compost + leaf-litter blend,5,4,6.24,2.26,76.4,15.9,89.7,189.8,25.3,12.1,17.2,26.82,11.39,8.29,185,603,428,228,648,508,1573,891,538,770,1927,655,,35.6,5.46,
D,Compost + leaf-litter blend,5,6,6.08,2.3,77.0,15.4,84.8,246.8,32.5,13.0,20.1,24.14,11.33,7.48,817,225,452,1522,932,561,892,1382,607,868,942,313,11.2,41.2,6.96,
D,Compost + leaf-litter blend,5,8,6.22,2.34,76.1,16.7,84.6,205.4,26.9,10.8,24.3,23.2,9.98,7.03,709,1886,562,1138,409,610,919,192,1983,214,394,786,,34.8,6.05,
D,Compost + leaf-litter blend,5,10,5.77,2.0,77.3,16.7,76.7,210.4,32.4,12.0,21.9,25.67,14.17,8.29,542,315,924,539,1169,373,1440,923,579,1413,1044,486,,40.4,6.22,
D,Compost + leaf-litter blend,5,12,6.28,2.11,77.9,14.6,94.7,208.7,34.2,14.3,21.7,28.09,11.63,8.34,671,386,736,692,744,619,391,1362,513,1343,404,1718,,39.8,6.77,3417.1
D,Compost + leaf-litter blend,6,0,6.2,2.14,67.2,14.6,76.8,186.2,25.7,14.6,19.2,21.8,10.68,6.57,930,598,767,841,550,1090,1060,1414,1026,741,1372,644,,34.4,6.64,
D,Compost + leaf-litter blend,6,2,6.18,1.98,68.1,12.0,77.0,205.7,30.7,12.9,24.2,21.94,10.38,6.78,1158,87,1300,911,686,1661,634,732,260,492,795,612,,37.0,6.68,
D,Compost + leaf-litter blend,6,4,6.19,2.04,65.7,12.5,74.4,212.7,24.1,16.3,20.6,23.7,9.58,8.94,550,1320,687,802,820,640,708,1911,537,1853,932,638,,33.5,5.32,
D,Compost + leaf-litter blend,6,6,6.41,2.16,86.1,14.4,87.1,200.2,29.0,11.1,22.5,25.75,11.0,7.85,480,297,2415,407,1070,337,976,905,372,1016,461,442,11.0,36.1,5.28,
D,Compost + leaf-litter blend,6,8,6.07,2.32,76.7,13.8,85.5,189.1,25.9,16.9,20.7,30.8,11.11,8.4,1041,581,1399,231,675,840,1431,725,1278,1124,827,645,,42.3,7.0,
D,Compost + leaf-litter blend,6,10,6.16,2.07,84.4,16.6,90.2,211.3,30.3,14.6,19.7,25.86,11.85,8.12,1195,1337,1328,452,941,1548,1045,574,429,194,641,643,,39.4,5.76,
D,Compost + leaf-litter blend,6,12,6.15,2.15,74.1,14.4,95.3,212.9,26.4,14.8,21.9,19.89,11.52,9.73,997,1275,2691,826,848,535,509,1491,209,290,978,1307,,40.9,6.53,3612.4
E,Biochar amendment,1,0,6.34,2.21,77.9,17.1,72.9,207.6,27.9,16.5,24.9,20.65,13.46,6.99,336,575,897,1080,538,1422,374,581,612,703,577,594,,38.4,5.73,
E,Biochar amendment,1,2,6.37,2.19,82.8,13.9,85.8,196.7,27.1,16.9,25.0,21.93,10.65,8.44,1191,205,297,1057,933,1345,690,1495,1309,448,782,559,,40.0,5.89,
E,Biochar amendment,1,4,6.28,2.17,81.4,13.5,88.2,217.7,31.5,13.7,15.4,22.5,11.46,8.75,1228,427,1023,568,1256,375,783,620,668,302,584,516,,39.7,6.48,
E,Biochar amendment,1,6,6.14,2.1,73.5,14.9,90.3,210.1,30.3,13.3,17.7,28.58,10.98,7.8,467,1667,799,269,2872,863,776,1531,528,1097,312,619,13.5,36.7,6.55,
E,Biochar amendment,1,8,6.45,2.26,72.0,13.8,88.8,221.2,25.3,16.7,19.5,30.98,14.83,8.64,990,804,343,515,1359,1741,1488,702,664,1252,642,422,,36.9,6.45,
E,Biochar amendment,1,10,5.89,2.21,88.1,17.8,88.7,207.5,32.3,11.3,25.3,26.23,15.03,7.0,1318,786,1311,2124,496,372,667,1263,715,925,1190,660,,38.3,6.67,
E,Biochar amendment,1,12,6.11,2.09,90.1,18.6,98.6,226.0,30.4,18.1,21.9,25.35,15.28,9.15,1775,1260,1038,555,711,354,1694,560,621,364,302,1430,,36.6,6.49,4200.2
E,Biochar amendment,2,0,6.13,2.15,68.2,17.5,84.1,227.8,28.4,15.5,22.7,23.64,12.95,7.49,904,818,533,597,440,657,480,2105,706,204,490,450,,39.8,5.32,
E,Biochar amendment,2,2,6.24,2.12,78.6,14.6,96.3,213.7,34.5,13.2,23.2,25.2,10.86,9.29,582,39,1327,630,930,543,415,2246,684,1309,586,536,,33.0,6.73,
E,Biochar amendment,2,4,6.16,2.28,76.8,15.4,81.8,230.0,27.0,13.9,21.6,26.11,8.83,8.39,1409,708,829,870,566,430,844,1127,538,414,645,548,,34.5,6.17,
E,Biochar amendment,2,6,6.19,2.45,81.9,14.9,94.3,254.0,25.2,13.5,21.3,24.87,11.21,7.24,1898,648,916,428,493,479,986,2005,710,651,670,690,12.6,43.8,6.68,
E,Biochar amendment,2,8,6.39,2.28,88.1,18.7,96.9,235.8,29.9,15.2,21.4,28.36,10.77,8.71,99,466,970,965,1358,510,276,606,1094,1033,362,290,,34.9,6.74,
E,Biochar amendment,2,10,6.08,2.07,77.9,16.6,90.6,229.0,33.0,17.4,21.7,23.74,12.22,9.64,332,631,614,350,1090,334,758,1336,1760,598,913,676,,38.6,7.27,
E,Biochar amendment,2,12,6.37,2.26,80.1,17.0,92.2,257.0,31.6,14.9,21.7,23.61,13.17,8.23,906,572,134,428,736,620,694,862,831,1633,1071,888,,40.7,6.3,4114.8
E,Biochar amendment,3,0,6.25,2.21,65.2,15.1,89.5,215.4,31.7,13.7,21.1,28.54,7.55,9.11,708,870,1129,1040,1006,596,623,321,627,1360,828,797,,38.7,6.62,
E,Biochar amendment,3,2,6.15,2.11,79.0,15.9,91.5,223.7,26.3,16.4,24.2,25.93,8.99,8.4,1146,845,1525,411,1199,828,733,1340,929,849,657,496,,34.6,6.62,
E,Biochar amendment,3,4,6.15,2.09,85.8,16.4,94.9,225.1,28.3,15.9,24.6,26.15,14.44,9.69,597,613,637,539,795,751,311,643,439,1177,674,890,,38.6,5.89,
E,Biochar amendment,3,6,6.22,2.19,81.7,14.8,94.4,208.3,28.3,14.1,19.2,29.17,10.19,7.97,1328,547,1169,1121,788,458,1134,766,375,475,295,647,10.9,39.9,6.19,
E,Biochar amendment,3,8,6.27,2.17,75.7,16.1,83.6,233.3,27.7,16.9,21.4,29.69,10.12,8.13,657,1156,1243,907,722,278,236,855,307,297,570,1162,,35.1,6.34,
E,Biochar amendment,3,10,6.36,2.35,78.4,16.9,94.8,220.4,32.7,18.8,23.7,28.57,13.18,7.32,824,442,522,1037,417,675,785,1260,1071,378,797,687,,37.8,6.4,
E,Biochar amendment,3,12,6.19,2.25,78.4,15.4,92.6,231.1,30.0,16.2,18.3,25.06,11.83,8.18,1382,620,634,584,588,344,960,1429,516,1006,1923,1554,,43.9,5.84,3598.8
E,Biochar amendment,4,0,6.03,1.95,79.3,14.9,87.3,220.3,23.2,16.7,20.1,26.6,12.19,10.04,498,567,370,551,1232,414,1198,789,687,779,741,408,,34.8,5.36,
E,Biochar amendment,4,2,5.9,1.96,75.6,15.3,83.3,216.5,27.9,16.6,20.9,27.46,11.71,6.85,656,697,984,813,1127,699,1682,575,588,524,793,472,,32.0,5.28,
E,Biochar amendment,4,4,6.15,2.05,76.3,13.7,90.4,216.4,31.3,15.2,22.1,21.41,12.35,8.27,639,356,1524,431,1421,449,465,1429,660,654,1248,1124,,36.6,6.35,
E,Biochar amendment,4,6,6.4,2.1,75.5,15.7,92.3,219.6,33.2,13.6,22.2,27.46,11.1,9.81,895,907,592,1545,748,150,1372,1054,661,1044,734,374,10.1,34.6,7.13,
E,Biochar amendment,4,8,6.14,2.22,77.0,13.2,96.8,192.6,28.8,15.1,22.8,24.32,8.98,7.98,634,1134,1089,1493,1441,1200,141,1483,723,474,1296,784,,33.7,7.23,
E,Biochar amendment,4,10,6.24,2.27,96.1,16.6,84.4,225.6,28.0,14.7,21.5,25.11,9.87,10.99,712,847,883,829,1256,546,623,875,392,444,430,1322,,40.4,6.04,
E,Biochar amendment,4,12,6.25,2.23,80.4,16.1,93.2,252.0,31.3,17.6,25.1,29.25,9.42,10.55,581,390,1827,1304,918,346,411,1157,305,691,1073,389,,38.7,6.4,3618.7
E,Biochar amendment,5,0,6.36,2.04,68.3,14.2,95.0,224.5,28.0,16.9,22.9,24.2,10.93,8.8,419,733,579,1117,778,1143,1587,842,567,243,890,122,,31.3,4.2,
E,Biochar amendment,5,2,5.95,2.12,76.6,16.3,84.8,198.7,28.0,14.7,21.9,23.01,12.82,7.79,428,1251,499,1952,1368,505,341,769,462,971,208,288,,38.8,6.23,
E,Biochar amendment,5,4,6.06,2.17,75.4,13.9,93.6,230.9,32.5,13.7,24.5,24.27,12.61,8.06,791,564,691,430,579,1479,580,653,1540,755,227,1871,,39.5,5.5,
E,Biochar amendment,5,6,6.14,2.15,73.9,14.3,99.2,207.2,33.3,14.2,21.8,27.81,10.78,9.49,202,86,1175,338,779,1487,189,1052,1039,459,852,544,12.7,37.8,6.56,
E,Biochar amendment,5,8,5.96,2.22,79.3,17.8,88.0,221.6,33.7,15.1,19.4,34.15,10.19,8.86,957,800,715,2096,1248,663,317,456,398,542,491,1292,,34.1,6.82,
E,Biochar amendment,5,10,5.99,2.26,81.1,16.7,95.1,214.5,28.0,16.7,20.9,18.62,13.14,7.83,805,622,699,355,858,1097,1601,1097,1116,283,733,650,,37.9,5.92,
E,Biochar amendment,5,12,6.32,2.35,84.3,16.9,84.3,240.7,33.2,17.9,28.1,22.17,11.66,8.32,1081,810,545,571,491,913,1497,1942,981,914,803,646,,41.4,6.49,4100.2
E,Biochar amendment,6,0,6.01,1.92,72.9,13.1,78.7,221.3,28.8,13.5,20.0,23.21,13.84,7.52,388,710,812,1904,751,1329,548,2130,873,366,628,1499,,36.9,6.67,
E,Biochar amendment,6,2,6.06,1.92,75.1,13.0,88.1,203.6,23.4,17.7,20.0,20.46,12.82,7.66,1363,438,1234,866,1361,697,1238,1201,281,627,595,843,,36.7,4.76,
E,Biochar amendment,6,4,5.95,2.39,72.3,17.7,83.5,215.9,31.5,13.3,25.6,25.98,12.3,8.35,1319,876,527,982,1040,617,820,981,804,665,1128,536,,43.7,5.36,
E,Biochar amendment,6,6,6.24,2.2,80.4,17.6,97.4,215.1,30.6,11.7,22.1,23.74,11.44,6.78,658,631,349,747,960,1078,803,446,848,651,698,730,10.3,37.5,5.39,
E,Biochar amendment,6,8,6.22,2.39,77.2,16.1,95.7,194.2,28.9,15.9,15.0,23.57,13.68,10.14,716,559,434,361,1378,486,571,1185,701,623,806,1103,,34.1,6.42,
E,Biochar amendment,6,10,6.5,2.11,80.2,18.2,96.0,265.7,28.7,13.7,25.6,23.29,11.79,9.0,1058,966,1245,1151,1133,281,630,902,1164,402,614,996,,36.0,6.31,
E,Biochar amendment,6,12,6.29,2.17,77.2,17.4,90.5,239.9,28.0,13.2,24.7,28.01,13.76,8.57,411,292,1227,443,684,370,906,995,1322,1170,1049,612,,38.1,6.72,3878.6
F,Vermicompost,1,0,6.25,2.15,75.3,17.4,92.6,207.7,29.6,12.0,22.1,25.65,10.88,10.75,357,1958,678,305,839,587,880,631,630,873,862,645,,34.8,6.65,
F,Vermicompost,1,2,6.23,2.27,88.5,16.8,88.3,243.2,28.8,15.6,19.1,23.56,12.08,9.44,289,485,751,921,1632,725,534,1175,428,976,565,1848,,37.1,6.68,
F,Vermicompost,1,4,5.99,2.14,81.5,16.9,92.2,233.9,31.3,15.3,21.9,25.78,12.56,9.64,634,355,1225,517,466,630,587,1258,620,414,658,722,,38.8,6.57,
F,Vermicompost,1,6,6.4,2.11,80.2,17.4,96.8,240.6,39.8,16.9,25.8,26.55,10.8,8.91,980,961,633,1081,536,477,697,699,933,765,517,1279,12.4,39.9,5.66,
F,Vermicompost,1,8,6.27,2.1,86.0,15.8,95.1,217.9,32.4,17.7,21.3,26.05,13.31,10.01,99,704,624,907,1030,609,983,1704,1152,514,511,1270,,35.6,6.22,
F,Vermicompost,1,10,5.92,2.41,75.9,17.2,91.1,219.5,33.2,15.6,25.7,24.48,11.56,6.72,250,1976,465,1129,701,671,858,1197,945,747,328,750,,33.7,6.6,
F,Vermicompost,1,12,6.41,2.23,83.8,17.5,98.4,267.9,34.3,18.9,23.0,26.47,12.61,8.34,1004,594,467,677,702,868,908,1411,1154,562,1087,1314,,41.2,6.91,3786.5
F,Vermicompost,2,0,6.23,2.32,78.7,16.6,90.8,224.9,35.4,17.3,22.2,26.89,10.68,8.64,752,853,953,349,1286,900,1138,335,1048,334,564,860,,34.7,6.48,
F,Vermicompost,2,2,6.11,2.22,73.3,15.6,95.9,235.7,28.3,13.2,22.4,28.34,12.64,8.38,1027,882,886,365,866,977,833,878,619,914,1109,633,,44.4,7.22,
F,Vermicompost,2,4,6.32,2.23,82.0,15.1,84.1,213.2,31.3,15.0,19.0,26.95,11.68,7.74,564,401,234,720,808,414,574,652,1944,770,969,790,,36.9,6.61,
F,Vermicompost,2,6,6.5,2.39,83.4,17.7,88.7,229.8,34.4,18.5,21.0,26.02,15.88,9.4,1241,627,853,321,965,452,912,665,364,566,402,689,10.4,40.2,5.41,
F,Vermicompost,2,8,6.2,2.47,91.3,13.9,96.8,222.5,28.4,15.8,26.4,29.67,11.44,10.28,262,345,893,905,1433,825,1400,756,538,234,585,773,,38.2,6.63,
F,Vermicompost,2,10,6.15,2.28,66.2,16.9,96.3,256.5,36.4,15.9,25.7,24.98,14.0,8.89,305,1070,920,747,737,799,271,1392,198,479,762,367,,39.7,5.91,
F,Vermicompost,2,12,6.02,2.34,79.2,14.6,101.1,254.7,31.8,17.0,24.4,30.49,13.94,6.6,833,542,1240,415,1188,851,1183,358,1009,1391,2406,411,,38.8,7.09,3643.2
F,Vermicompost,3,0,6.15,2.16,76.8,17.0,94.3,240.5,29.2,17.3,18.6,22.08,9.86,8.86,1211,573,918,519,643,720,1235,1739,708,1942,579,975,,39.0,5.54,
F,Vermicompost,3,2,6.29,2.2,81.4,15.8,90.1,213.6,33.0,18.0,20.9,28.32,12.69,9.01,227,331,1113,586,256,1331,887,613,466,1013,932,1113,,39.6,6.41,
F,Vermicompost,3,4,6.12,2.22,78.7,17.6,91.6,207.7,26.1,12.4,24.2,23.61,12.67,9.31,591,710,515,1269,388,243,979,857,1067,816,880,552,,43.6,5.96,
F,Vermicompost,3,6,6.16,2.29,84.4,15.6,105.2,240.1,33.2,18.9,21.9,27.2,10.38,9.08,430,1053,998,572,1572,1376,989,1959,386,673,1281,607,12.5,42.9,7.16,
F,Vermicompost,3,8,6.17,1.98,84.9,18.8,102.5,244.2,28.5,15.1,28.1,23.62,10.74,10.57,388,1362,558,1578,1540,367,1260,298,466,812,380,525,,36.3,7.52,
F,Vermicompost,3,10,6.27,2.51,83.1,16.0,106.7,232.2,31.9,17.5,20.5,30.42,13.71,11.1,872,429,1279,239,1407,911,410,673,309,759,764,475,,41.3,7.02,
F,Vermicompost,3,12,6.33,2.36,79.0,18.0,97.3,237.2,32.0,15.2,26.2,24.43,11.38,9.33,1561,317,1315,135,1432,497,173,735,1380,381,990,197,,36.1,6.61,3971.0
F,Vermicompost,4,0,6.18,1.99,88.4,17.3,88.5,218.6,31.3,13.1,22.8,22.26,11.69,7.45,372,973,344,1304,199,910,767,779,1097,751,750,437,,42.3,6.31,
F,Vermicompost,4,2,6.21,2.07,80.5,14.3,98.8,267.5,32.1,14.2,16.0,21.6,14.48,7.76,390,883,451,399,646,1264,940,945,588,429,949,796,,42.4,5.74,
F,Vermicompost,4,4,6.11,2.29,87.1,14.5,89.7,231.6,30.6,17.1,31.2,28.32,11.01,7.59,742,849,765,664,1079,1551,1517,1334,539,81,1417,778,,37.1,6.12,
F,Vermicompost,4,6,6.09,2.16,80.6,16.0,105.2,227.8,32.6,14.7,21.5,22.36,9.87,7.84,875,252,398,1410,808,1001,931,1365,355,728,1192,738,10.8,29.4,6.45,
F,Vermicompost,4,8,6.07,2.32,73.0,15.6,97.9,221.9,33.2,15.0,23.2,29.66,14.1,9.55,483,850,559,582,346,1146,745,902,449,701,677,766,,39.9,6.64,
F,Vermicompost,4,10,6.45,2.22,90.3,15.7,102.8,259.4,31.6,19.2,24.8,25.65,12.18,10.94,1105,599,681,964,1752,1147,699,1641,439,454,1083,296,,34.0,6.48,
F,Vermicompost,4,12,5.99,2.52,95.7,15.4,98.9,230.0,32.0,19.7,22.8,27.83,11.46,11.1,710,801,387,384,1004,597,852,569,392,258,878,1675,,41.4,6.74,4083.9
F,Vermicompost,5,0,6.3,2.16,79.9,14.7,94.2,194.8,32.5,15.1,20.8,25.55,11.55,10.41,2470,395,960,343,1380,438,712,393,633,541,589,859,,37.5,5.67,
F,Vermicompost,5,2,5.94,2.18,73.6,14.0,94.8,199.9,34.9,15.6,22.2,23.55,13.22,8.99,873,295,608,1181,998,1197,1443,1278,1187,758,1320,650,,40.5,6.44,
F,Vermicompost,5,4,6.12,2.16,84.1,12.6,97.6,202.0,26.9,14.6,28.1,32.09,13.32,9.57,249,353,988,1359,1133,641,506,629,619,300,689,1818,,39.1,5.8,
F,Vermicompost,5,6,6.13,2.21,75.7,17.0,90.9,228.4,29.9,21.1,21.3,21.26,9.83,10.2,1009,1006,470,570,927,500,591,983,578,791,376,502,14.0,34.4,7.07,
F,Vermicompost,5,8,6.07,2.29,95.7,15.1,90.7,237.0,29.5,17.6,22.0,29.84,10.45,7.27,595,1124,506,635,1435,605,1123,389,596,261,447,475,,36.4,6.33,
F,Vermicompost,5,10,6.05,2.38,80.0,15.4,93.8,255.8,33.1,16.1,20.0,24.85,10.73,11.15,928,412,411,574,1656,987,884,1562,822,1290,1573,298,,34.7,7.05,
F,Vermicompost,5,12,6.04,2.34,90.5,16.0,95.7,224.9,31.8,21.1,25.9,27.89,11.99,9.68,915,958,597,532,1046,906,1300,480,582,1688,1311,883,,40.9,6.1,4285.6
F,Vermicompost,6,0,6.15,2.12,64.9,16.8,91.1,224.5,29.0,14.1,21.1,27.64,12.82,8.57,1666,872,333,287,400,2214,1203,1491,740,811,1694,262,,36.6,6.61,
F,Vermicompost,6,2,6.37,2.52,77.6,15.4,95.2,216.3,30.2,14.6,15.8,27.03,11.7,10.52,948,587,378,665,444,754,1049,1677,1650,353,432,797,,38.5,6.64,
F,Vermicompost,6,4,6.1,2.14,83.3,16.1,90.3,228.9,35.9,14.8,21.5,21.94,12.12,9.93,788,1069,929,992,1414,238,862,1286,713,228,387,619,,38.4,6.97,
F,Vermicompost,6,6,5.79,2.27,87.9,19.2,98.3,259.0,32.1,15.8,24.3,27.46,11.13,8.67,325,712,511,953,294,931,864,1272,676,964,138,981,11.9,39.4,6.33,
F,Vermicompost,6,8,6.12,2.21,84.3,15.4,100.8,247.1,35.3,14.0,19.1,27.86,17.22,10.95,460,789,1247,657,1501,222,208,1138,1007,671,971,1427,,43.5,6.93,
F,Vermicompost,6,10,6.19,2.36,85.2,17.3,94.9,230.4,31.5,13.2,25.7,24.58,12.43,10.36,1193,742,848,543,1488,301,1417,2292,851,793,359,646,,45.1,7.33,
F,Vermicompost,6,12,6.01,2.35,75.4,18.3,87.5,232.4,32.9,17.3,23.3,33.24,14.13,10.5,434,584,1781,1182,1050,1277,615,758,1391,694,756,369,,35.0,5.64,3849.5
G,Humic acid extract,1,0,6.14,2.1,71.6,17.8,86.6,211.1,28.8,15.9,22.0,25.83,12.14,6.03,343,1241,1097,484,291,317,407,2230,384,573,1217,1380,,35.8,5.26,
G,Humic acid extract,1,2,6.11,1.93,71.4,15.3,85.9,256.8,24.6,14.1,17.3,23.7,10.58,9.36,471,533,462,716,907,177,449,1806,315,834,437,900,,31.9,6.25,
G,Humic acid extract,1,4,6.06,2.14,77.3,12.5,88.1,221.7,31.0,14.7,16.2,29.06,11.97,7.04,457,717,1135,404,370,1885,522,992,522,207,732,526,,43.1,5.97,
G,Humic acid extract,1,6,6.17,2.32,74.7,13.5,90.1,233.3,30.5,14.6,17.8,25.41,13.46,7.13,705,322,871,381,743,1813,1754,1172,1153,1066,855,964,11.9,38.2,6.23,
G,Humic acid extract,1,8,6.17,2.25,77.3,13.5,93.1,208.2,25.9,13.1,22.5,25.66,8.24,8.28,1097,385,891,76,899,405,600,993,600,587,523,1100,,31.3,6.1,
G,Humic acid extract,1,10,6.06,2.16,75.8,15.8,84.4,204.3,33.9,13.4,22.1,29.18,13.29,9.83,799,1279,199,962,1873,713,608,1113,581,673,250,996,,37.5,6.5,
G,Humic acid extract,1,12,6.29,2.1,76.5,16.3,97.1,209.3,30.1,14.9,23.4,26.65,11.13,10.5,440,230,828,863,2175,208,422,792,1279,1689,205,189,,38.0,6.22,3360.8
G,Humic acid extract,2,0,6.17,2.19,74.9,13.7,78.1,195.5,29.4,14.7,18.6,17.87,11.63,7.14,976,253,1920,704,181,116,1371,1207,612,547,223,629,,33.8,5.13,
G,Humic acid extract,2,2,6.15,2.12,73.2,16.3,87.1,226.7,27.6,19.8,19.5,22.15,9.49,8.1,322,293,406,1335,607,653,631,1194,1249,844,1510,409,,40.6,6.8,
G,Humic acid extract,2,4,6.25,2.1,80.5,13.6,76.6,220.5,26.0,14.4,21.5,25.97,12.81,9.48,760,567,698,850,688,1014,864,1554,641,282,664,1158,,35.7,5.47,
G,Humic acid extract,2,6,6.1,2.11,77.6,15.0,88.2,216.3,28.1,13.3,24.2,19.27,11.15,8.05,1228,660,1767,514,1696,941,845,1377,244,1197,697,621,11.0,30.2,7.18,
G,Humic acid extract,2,8,6.05,2.13,86.5,15.4,88.7,201.9,25.0,14.6,22.7,26.87,10.89,8.77,211,736,883,858,1102,328,1000,905,1195,408,1306,1248,,37.2,6.12,
G,Humic acid extract,2,10,6.17,2.32,67.4,15.9,90.2,203.0,32.3,13.8,21.2,31.86,13.45,9.56,805,1460,301,673,386,579,629,750,530,1006,1251,304,,41.2,6.06,
G,Humic acid extract,2,12,6.04,2.13,77.9,17.9,92.6,246.0,32.2,14.8,21.4,28.36,13.32,10.2,493,896,306,528,1460,404,895,510,736,478,1001,370,,38.6,6.74,3756.4
G,Humic acid extract,3,0,6.17,2.03,79.0,16.7,92.1,189.8,32.2,13.5,18.7,23.99,12.29,8.87,529,765,481,687,1245,1358,651,561,1467,452,187,503,,36.3,6.52,
G,Humic acid extract,3,2,6.42,1.86,71.7,13.9,87.5,192.5,33.7,14.4,20.6,29.64,11.11,8.83,500,554,1377,531,629,573,2463,754,868,1303,730,640,,35.4,6.25,
G,Humic acid extract,3,4,6.23,2.12,80.5,13.0,81.2,209.9,24.7,13.8,20.2,29.15,11.54,9.72,761,496,1270,606,1938,446,1181,390,689,912,648,498,,34.8,5.67,
G,Humic acid extract,3,6,6.03,2.08,80.5,18.1,78.3,197.9,27.1,16.1,21.0,23.42,12.63,9.76,544,788,557,991,1285,704,1043,2220,794,657,646,1096,11.1,36.5,5.32,
G,Humic acid extract,3,8,6.42,2.09,83.1,16.1,91.5,218.6,27.5,13.2,26.1,26.29,13.46,10.4,663,895,913,771,1266,241,881,940,1228,1506,1284,1280,,33.1,4.98,
G,Humic acid extract,3,10,6.18,2.21,73.2,17.4,91.6,243.8,31.4,13.2,23.2,28.32,10.95,7.14,808,1385,1596,745,1205,458,547,918,722,731,1267,362,,35.2,6.59,
G,Humic acid extract,3,12,6.22,2.3,78.4,14.6,97.2,218.4,31.2,12.5,20.9,29.7,10.86,9.98,173,542,372,1249,880,331,1376,675,1059,424,1467,460,,38.5,5.27,3779.7
G,Humic acid extract,4,0,6.37,2.14,71.4,13.8,87.4,205.3,29.6,15.2,23.3,21.1,11.31,7.78,710,1002,868,593,1486,976,306,2126,536,1062,296,1140,,33.0,6.53,
G,Humic acid extract,4,2,6.25,1.92,74.5,19.8,86.7,199.7,25.6,17.5,23.0,29.08,11.53,9.86,330,1085,810,707,279,456,1046,981,769,1063,975,485,,35.5,7.08,
G,Humic acid extract,4,4,6.34,2.03,74.2,13.4,91.9,210.2,23.2,14.7,22.3,28.11,11.19,8.03,1513,710,882,471,496,399,1291,1146,617,1247,316,1020,,35.6,4.76,
G,Humic acid extract,4,6,6.07,2.2,77.1,15.8,85.5,232.4,30.5,15.8,21.9,27.16,12.22,7.5,1085,1478,497,689,789,457,2497,593,362,391,811,1232,10.6,33.4,5.22,
G,Humic acid extract,4,8,6.27,2.12,68.9,15.6,82.2,245.3,28.1,16.2,24.5,23.09,11.78,9.41,980,377,602,1332,1497,1315,795,1979,396,789,1198,257,,30.1,5.95,
G,Humic acid extract,4,10,6.45,2.14,79.6,17.0,80.4,224.6,30.5,18.5,19.0,25.17,10.34,7.63,1076,492,486,313,510,668,488,1941,325,362,491,1631,,39.6,5.91,
G,Humic acid extract,4,12,6.33,2.1,86.7,15.1,88.8,210.4,27.9,14.6,16.3,25.98,11.19,9.95,924,519,1790,636,528,823,1493,920,323,732,842,1099,,38.8,5.93,3953.3
G,Humic acid extract,5,0,6.48,1.94,78.4,10.6,89.6,179.5,26.7,11.8,20.1,27.02,7.99,7.79,577,598,769,1427,855,568,681,927,865,433,545,1005,,39.3,5.42,
G,Humic acid extract,5,2,6.17,2.18,71.5,16.8,87.1,208.3,22.6,13.7,21.8,30.1,12.04,9.7,373,1437,1143,804,655,1068,540,832,1122,327,251,509,,42.8,4.81,
G,Humic acid extract,5,4,6.52,2.09,78.3,13.2,93.6,214.6,28.9,11.0,21.4,27.76,10.93,9.89,790,801,502,507,622,983,745,304,1122,39,931,811,,31.0,6.06,
G,Humic acid extract,5,6,6.27,2.12,76.5,14.0,82.6,244.7,35.1,14.7,22.2,22.64,12.51,10.72,289,851,1744,704,1325,895,898,914,468,796,463,1680,11.5,36.9,6.8,
G,Humic acid extract,5,8,6.35,2.29,78.4,14.3,101.2,233.2,28.5,17.5,20.4,30.18,14.02,7.64,782,1528,1092,263,534,687,627,489,656,505,433,955,,38.2,6.65,
G,Humic acid extract,5,10,5.96,2.23,73.8,15.7,108.9,228.1,27.7,15.9,20.8,23.43,15.2,10.15,755,474,672,1731,1036,801,446,938,440,1045,505,549,,36.4,6.4,
G,Humic acid extract,5,12,6.21,2.34,89.2,18.3,97.2,224.5,28.8,15.4,23.8,29.14,13.0,8.86,1425,1545,696,757,1356,750,670,767,1007,654,1231,422,,34.4,6.13,4072.2
G,Humic acid extract,6,0,5.97,2.04,85.5,15.6,83.4,205.2,29.5,17.2,19.3,22.23,8.75,8.34,315,470,794,408,504,2277,970,816,285,344,822,1707,,37.6,6.39,
G,Humic acid extract,6,2,5.95,2.0,75.9,16.1,95.1,207.6,27.7,12.8,21.7,23.97,10.7,8.24,1013,533,78,419,754,727,674,939,1333,456,775,344,,39.8,6.15,
G,Humic acid extract,6,4,6.27,2.38,75.0,13.7,78.4,240.3,34.4,12.9,19.4,24.25,13.27,6.94,337,857,822,348,869,950,777,759,1192,257,954,204,,33.5,6.08,
G,Humic acid extract,6,6,6.05,2.09,83.2,16.3,95.4,222.1,30.6,11.5,20.7,24.91,13.44,8.0,611,990,788,228,130,415,969,547,1079,838,1028,516,11.3,34.1,6.73,
G,Humic acid extract,6,8,6.26,2.33,70.1,18.5,80.2,202.4,28.0,17.3,22.3,25.22,10.39,7.09,1426,1646,77,843,473,1316,860,1031,787,371,2323,287,,43.1,6.31,
G,Humic acid extract,6,10,6.28,2.14,76.6,16.0,86.7,234.4,25.5,16.7,22.1,25.67,9.2,7.7,1147,728,637,683,771,523,576,1801,1087,881,474,174,,34.8,6.32,
G,Humic acid extract,6,12,5.95,2.17,74.3,15.9,88.7,208.9,28.7,13.7,19.1,29.92,11.43,6.36,636,552,516,1460,246,1610,1419,981,641,980,1154,491,,35.3,6.98,3627.4
H,Microbial inoculant blend 1,1,0,6.21,2.53,90.6,15.7,98.1,282.9,36.1,14.9,26.9,29.57,12.8,9.28,1024,334,1244,476,388,846,909,757,797,851,1119,655,,43.4,5.87,
H,Microbial inoculant blend 1,1,2,6.11,2.67,86.0,19.8,110.2,260.8,30.4,17.2,31.6,29.19,13.18,9.64,1527,724,1059,470,980,439,954,398,613,777,880,1029,,43.6,7.52,
H,Microbial inoculant blend 1,1,4,6.27,2.87,98.1,17.1,109.7,264.5,38.3,16.0,24.1,33.34,16.31,11.64,983,548,900,649,1383,746,640,466,1350,384,812,538,,43.0,6.93,
H,Microbial inoculant blend 1,1,6,6.34,2.62,101.3,18.9,106.5,292.9,35.2,20.7,30.0,36.62,15.57,10.64,565,393,732,1127,407,931,849,483,615,670,715,545,13.5,41.3,6.78,
H,Microbial inoculant blend 1,1,8,6.43,2.55,96.2,18.3,118.1,298.5,37.5,17.0,26.8,35.09,15.52,11.55,1035,858,663,899,1549,953,686,181,1292,374,1269,1565,,41.2,8.27,
H,Microbial inoculant blend 1,1,10,6.09,2.49,91.0,20.9,111.6,291.9,38.7,17.4,26.4,32.04,13.23,11.0,466,1116,684,503,1033,856,912,559,730,1365,475,705,,38.5,7.38,
H,Microbial inoculant blend 1,1,12,6.2,2.49,99.5,21.5,118.5,293.1,33.8,21.0,28.9,35.71,18.83,10.81,164,1074,517,750,1158,572,955,462,728,521,545,1755,,44.8,7.71,4788.5
H,Microbial inoculant blend 1,2,0,6.21,2.45,95.1,20.9,112.9,265.0,35.7,18.0,26.4,28.71,15.7,10.9,559,688,497,708,925,739,1227,344,569,609,1053,822,,37.3,6.75,
H,Microbial inoculant blend 1,2,2,6.16,2.57,90.4,18.3,97.2,306.6,36.6,19.1,25.1,29.82,17.52,8.54,904,616,504,211,695,1414,707,603,1923,1131,894,1065,,37.0,7.53,
H,Microbial inoculant blend 1,2,4,6.02,2.34,94.5,17.0,107.4,278.4,37.5,16.9,29.1,32.04,15.42,9.6,787,1202,802,764,973,592,920,486,574,1006,872,1645,,44.8,7.6,
H,Microbial inoculant blend 1,2,6,6.19,2.61,86.2,21.2,112.1,268.0,35.8,15.7,26.5,31.4,12.84,12.16,1436,868,784,591,1348,973,1038,1736,1016,1053,585,461,12.9,39.0,8.37,
H,Microbial inoculant blend 1,2,8,6.21,2.46,102.4,18.5,112.5,298.3,39.6,15.1,29.4,33.07,14.69,11.28,366,409,1015,689,1493,475,1059,932,525,572,1159,1002,,38.6,7.91,
H,Microbial inoculant blend 1,2,10,6.28,2.74,100.4,19.2,118.1,286.0,39.5,18.8,29.3,32.78,18.11,14.03,956,302,617,649,1497,1097,764,425,603,939,490,574,,41.7,8.44,
H,Microbial inoculant blend 1,2,12,6.27,2.95,100.2,19.6,116.9,290.0,34.0,19.3,27.9,29.66,15.61,9.32,727,708,727,755,463,911,1695,466,707,888,667,501,,43.2,8.41,4569.2
H,Microbial inoculant blend 1,3,0,6.49,2.57,93.6,21.0,103.9,267.9,35.8,20.7,26.0,29.31,15.14,9.67,1127,938,473,763,1027,492,800,844,1170,1073,1045,1397,,41.6,7.7,
H,Microbial inoculant blend 1,3,2,5.99,2.29,96.9,20.7,98.4,273.2,35.2,17.7,27.2,27.9,12.68,10.48,706,1305,803,905,728,655,559,832,365,753,763,875,,43.5,6.67,
H,Microbial inoculant blend 1,3,4,6.24,2.58,84.6,18.6,100.7,279.9,36.9,19.8,29.5,33.69,16.09,10.61,1976,551,896,869,1526,1196,733,605,867,678,911,701,,50.7,8.45,
H,Microbial inoculant blend 1,3,6,5.81,2.58,99.5,18.7,106.2,277.0,39.2,16.7,30.2,32.68,13.47,12.57,440,644,733,765,1674,1494,670,476,746,676,1176,566,13.3,43.5,7.24,
H,Microbial inoculant blend 1,3,8,6.18,2.65,103.1,18.0,111.0,300.1,35.9,19.1,27.6,29.44,15.49,11.45,1106,761,1974,606,942,647,859,768,973,944,924,1036,,43.0,7.41,
H,Microbial inoculant blend 1,3,10,6.29,2.57,96.6,18.3,112.6,299.1,38.1,15.8,29.6,34.27,13.89,12.53,598,994,1268,941,1580,471,1072,337,628,786,690,1187,,45.7,7.31,
H,Microbial inoculant blend 1,3,12,6.24,2.77,90.3,19.7,107.7,279.3,40.2,18.7,25.5,38.41,17.2,9.48,510,769,1053,523,503,1118,1130,305,805,438,971,352,,43.8,7.78,4311.7
H,Microbial inoculant blend 1,4,0,6.12,2.26,87.9,16.7,105.2,255.2,34.4,17.1,25.9,29.66,12.5,10.75,1449,671,380,885,1028,1407,693,699,991,1136,1621,717,,45.7,6.99,
H,Microbial inoculant blend 1,4,2,6.4,2.43,88.4,19.4,100.7,284.0,37.4,16.6,26.2,30.13,15.01,13.11,496,633,554,681,724,608,994,829,637,419,1171,682,,36.1,7.58,
H,Microbial inoculant blend 1,4,4,6.15,2.26,91.7,21.5,103.5,288.2,40.6,18.5,27.2,27.16,13.56,12.12,658,936,641,811,702,534,1220,1123,432,877,403,660,,42.9,7.85,
H,Microbial inoculant blend 1,4,6,6.34,2.47,96.7,21.9,110.5,294.5,39.7,19.3,27.7,34.49,16.19,9.6,863,832,645,1179,358,832,730,234,434,809,831,1058,13.3,36.0,7.96,
H,Microbial inoculant blend 1,4,8,6.28,2.67,89.7,18.7,103.9,296.9,34.0,17.4,29.0,31.49,13.73,12.5,1049,915,611,713,881,1139,1296,171,535,279,381,563,,47.4,8.08,
H,Microbial inoculant blend 1,4,10,6.01,2.71,97.9,19.3,111.8,293.4,36.7,19.1,31.1,31.79,13.83,11.53,576,729,908,347,1177,995,590,1012,648,1173,1154,1012,,48.7,6.94,
H,Microbial inoculant blend 1,4,12,6.33,2.87,102.1,17.7,105.7,283.8,39.8,20.1,25.4,31.82,14.43,11.58,1214,291,762,420,530,1487,583,175,798,750,824,564,,44.1,8.39,4393.0
H,Microbial inoculant blend 1,5,0,6.32,2.35,94.9,18.7,97.3,263.6,38.6,15.6,23.3,31.04,17.61,9.84,765,516,610,347,1073,965,717,404,552,1272,416,675,,43.6,7.14,
H,Microbial inoculant blend 1,5,2,6.36,2.32,100.3,16.8,110.7,267.6,36.0,17.8,27.1,33.15,16.15,12.53,893,756,1180,1077,1319,1108,242,491,452,555,565,2014,,45.8,7.13,
H,Microbial inoculant blend 1,5,4,6.27,2.59,90.3,18.1,112.6,292.7,37.2,16.3,26.1,27.99,14.83,11.34,543,639,336,682,706,849,899,888,1388,1190,998,805,,42.4,6.18,
H,Microbial inoculant blend 1,5,6,6.23,2.47,93.7,23.4,119.3,259.4,39.3,20.2,26.4,33.38,15.41,9.61,633,1418,773,939,1088,743,937,434,451,1413,1683,796,14.6,40.6,8.84,
H,Microbial inoculant blend 1,5,8,6.31,2.55,91.6,18.9,98.7,279.5,37.4,17.2,29.6,32.72,14.2,11.02,802,494,678,614,1078,907,457,898,621,594,561,646,,51.5,7.87,
H,Microbial inoculant blend 1,5,10,6.32,2.58,94.5,21.0,101.9,273.2,38.0,21.8,27.2,35.15,15.52,13.16,465,971,688,935,950,1007,851,423,1256,1074,670,2025,,51.9,7.37,
H,Microbial inoculant blend 1,5,12,6.07,2.58,97.6,23.2,111.7,282.2,36.7,21.7,31.0,32.98,12.73,10.44,1019,701,1148,575,567,278,862,815,1025,366,916,507,,44.9,7.68,4065.3
H,Microbial inoculant blend 1,6,0,6.17,2.56,90.0,17.7,98.9,257.8,40.0,15.8,27.8,31.39,14.59,9.77,540,430,725,675,1029,505,467,606,881,1372,299,1052,,42.5,6.92,
H,Microbial inoculant blend 1,6,2,6.19,2.41,94.6,18.3,108.6,276.8,35.1,15.6,22.6,40.86,16.82,12.45,536,502,642,1129,1048,563,960,294,568,343,1008,914,,41.6,8.34,
H,Microbial inoculant blend 1,6,4,6.34,2.31,96.8,17.6,111.6,266.0,36.8,17.5,26.9,30.61,14.35,9.62,809,296,762,1090,1246,1003,993,977,537,649,397,624,,44.1,7.43,
H,Microbial inoculant blend 1,6,6,6.03,2.57,104.3,21.3,110.6,263.8,34.7,17.3,30.5,37.74,15.28,10.86,1505,977,704,749,1046,1698,896,374,818,817,788,837,14.4,43.7,7.93,
H,Microbial inoculant blend 1,6,8,6.36,2.52,91.5,17.7,109.0,296.2,36.4,20.2,21.8,32.22,17.09,11.21,671,151,1459,800,663,1230,743,345,902,1100,469,871,,43.1,7.28,
H,Microbial inoculant blend 1,6,10,5.8,2.77,99.0,17.2,114.8,283.7,37.5,18.0,29.5,31.51,13.72,12.96,1057,1129,917,567,1202,1388,549,1099,1117,386,1301,760,,43.6,7.9,
H,Microbial inoculant blend 1,6,12,6.2,2.85,97.7,19.8,105.1,289.6,39.9,19.0,27.3,35.42,18.15,11.97,1455,1280,826,1103,1214,781,1303,484,681,959,1157,754,,42.4,7.94,4536.6
I,Microbial inoculant blend 2,1,0,6.09,2.32,78.2,19.8,93.3,216.4,28.6,17.9,22.0,23.41,13.77,8.8,1132,1129,285,682,1891,563,500,1843,799,439,476,572,,39.7,6.37,
I,Microbial inoculant blend 2,1,2,6.27,2.17,86.5,16.3,92.3,225.9,31.4,19.4,23.2,24.5,14.08,8.89,698,1082,627,777,660,1391,302,1109,808,1445,725,913,,35.9,6.25,
I,Microbial inoculant blend 2,1,4,6.2,2.32,73.4,16.5,96.6,249.9,37.5,16.6,21.4,22.92,13.92,8.57,1120,285,1170,166,413,921,545,1012,912,388,781,899,,38.6,5.81,
I,Microbial inoculant blend 2,1,6,6.28,2.34,87.6,15.1,108.4,256.2,32.2,14.9,26.7,25.51,16.65,9.04,1212,969,636,841,526,1012,811,715,398,497,1146,718,11.5,46.0,6.16,
I,Microbial inoculant blend 2,1,8,6.23,2.4,84.6,15.7,94.2,241.2,31.4,19.2,24.4,27.68,13.41,10.73,790,353,906,646,591,1207,397,740,876,1332,392,1240,,41.0,7.8,
I,Microbial inoculant blend 2,1,10,6.37,2.51,85.2,17.3,98.3,230.7,38.5,18.4,23.9,33.6,12.44,7.88,1205,623,869,946,431,370,350,214,798,1136,640,1228,,37.3,6.53,
I,Microbial inoculant blend 2,1,12,6.28,2.45,83.0,18.8,96.0,276.7,36.1,15.2,23.8,28.49,13.92,10.0,380,867,652,455,1981,588,102,857,323,830,908,950,,34.8,6.28,3948.9
I,Microbial inoculant blend 2,2,0,6.37,2.48,81.2,15.5,82.3,247.0,29.9,21.1,21.2,33.82,13.6,8.07,1017,604,1164,798,768,340,768,480,1970,1121,341,576,,35.8,6.54,
I,Microbial inoculant blend 2,2,2,6.37,2.39,91.0,19.2,82.9,219.9,26.7,17.2,21.6,26.47,12.26,9.92,585,1393,1377,441,1129,508,878,709,1139,581,1385,1452,,43.5,5.28,
I,Microbial inoculant blend 2,2,4,6.08,2.48,88.7,17.6,103.8,213.0,35.0,18.2,22.1,36.26,13.13,6.98,924,1173,584,1154,504,660,789,64,270,264,942,688,,37.7,6.9,
I,Microbial inoculant blend 2,2,6,6.2,2.43,90.0,16.7,86.6,234.2,32.8,15.1,21.4,29.02,16.92,9.19,714,1076,1050,613,1507,541,892,714,841,1191,722,1776,12.5,40.8,6.77,
I,Microbial inoculant blend 2,2,8,6.53,2.27,92.0,17.1,90.0,246.6,31.9,17.8,24.6,26.18,15.59,11.24,1246,616,578,698,1032,559,1263,605,410,569,732,1273,,37.7,7.58,
I,Microbial inoculant blend 2,2,10,6.26,2.36,89.0,17.4,103.4,256.1,33.0,13.4,26.1,28.57,14.69,10.67,857,1071,1024,776,809,761,855,485,1246,1426,937,1079,,33.7,6.89,
I,Microbial inoculant blend 2,2,12,6.47,2.47,85.7,18.2,107.2,255.8,42.4,16.3,27.6,32.41,12.54,9.74,1131,821,937,681,698,659,1675,292,602,1040,661,770,,40.9,6.95,4306.3
I,Microbial inoculant blend 2,3,0,6.26,2.25,82.7,19.2,95.0,226.3,25.9,13.2,21.8,27.17,11.51,9.72,556,1155,437,265,749,495,792,547,651,740,1284,529,,41.9,6.44,
I,Microbial inoculant blend 2,3,2,6.18,2.39,87.8,19.0,96.4,236.2,24.7,13.1,22.4,24.63,13.91,7.89,531,1190,855,1030,592,606,795,1193,427,1548,1061,503,,39.9,6.48,
I,Microbial inoculant blend 2,3,4,6.14,2.26,80.1,16.6,103.1,219.0,33.6,18.8,23.2,26.79,14.3,8.43,608,194,507,608,1411,972,505,1324,1126,347,1495,472,,39.2,7.39,
I,Microbial inoculant blend 2,3,6,6.32,2.13,87.4,16.8,97.9,249.3,36.7,18.3,22.2,28.64,12.31,7.75,701,297,896,571,356,429,2117,964,1194,549,1733,727,12.7,42.1,6.25,
I,Microbial inoculant blend 2,3,8,6.13,2.38,92.5,16.9,98.8,234.0,39.1,17.1,27.1,29.34,13.38,8.13,624,276,1041,507,617,1284,1113,328,598,627,1077,1097,,39.1,7.11,
I,Microbial inoculant blend 2,3,10,6.24,2.38,90.3,17.8,104.2,249.2,38.5,18.4,26.1,31.17,15.3,11.31,631,707,1136,1764,1230,1435,495,360,569,739,402,827,,42.9,7.27,
I,Microbial inoculant blend 2,3,12,6.45,2.53,101.7,22.3,90.8,224.1,34.5,18.2,24.9,32.24,13.23,9.41,477,1037,628,653,417,700,485,1019,1113,1569,408,464,,40.5,8.12,4013.0
I,Microbial inoculant blend 2,4,0,6.53,2.2,89.5,14.0,92.3,226.0,36.2,16.1,17.8,23.57,10.78,10.42,999,374,479,982,1197,871,1087,1042,650,540,1006,945,,37.7,6.6,
I,Microbial inoculant blend 2,4,2,6.1,2.34,83.3,15.7,103.3,240.9,34.0,18.6,26.9,29.68,12.13,7.74,695,626,924,543,762,1091,612,365,1108,746,312,618,,43.7,7.73,
I,Microbial inoculant blend 2,4,4,6.23,2.37,89.0,16.9,112.0,227.6,30.8,14.6,27.6,30.78,11.95,8.58,1281,1210,953,568,396,998,1016,1197,1283,612,1004,437,,39.4,6.48,
I,Microbial inoculant blend 2,4,6,5.99,2.35,84.7,18.8,109.8,252.4,31.0,17.7,24.1,28.09,11.65,9.22,710,1046,1055,676,677,166,1526,623,259,1420,292,1349,14.1,36.3,6.62,
I,Microbial inoculant blend 2,4,8,6.05,2.23,83.9,18.2,106.6,243.6,30.5,17.6,25.7,29.97,13.68,9.79,622,1054,700,725,1082,479,650,672,918,634,594,802,,40.1,7.45,
I,Microbial inoculant blend 2,4,10,6.11,2.68,91.1,15.8,101.2,264.8,33.0,14.3,22.2,31.31,10.64,8.35,1287,481,453,646,984,754,1110,518,1039,740,1375,1292,,44.6,6.4,
I,Microbial inoculant blend 2,4,12,6.21,2.55,89.8,17.1,91.1,223.0,40.8,17.8,23.6,31.17,12.14,9.85,518,193,1200,987,894,858,1287,1145,663,834,333,603,,37.8,7.26,3834.4
I,Microbial inoculant blend 2,5,0,6.25,2.13,73.3,18.5,96.4,229.0,30.0,18.4,24.5,30.94,11.47,9.36,948,925,915,994,968,642,980,577,708,1807,784,1074,,41.3,6.73,
I,Microbial inoculant blend 2,5,2,5.83,2.26,83.7,16.1,96.2,210.7,23.6,14.3,24.1,18.26,11.26,7.15,624,574,1080,672,752,658,1116,907,404,809,892,757,,39.0,7.15,
I,Microbial inoculant blend 2,5,4,6.29,2.17,78.8,17.2,98.5,231.6,37.4,17.8,22.1,26.21,12.46,9.22,1127,699,966,800,1013,444,457,1031,298,628,817,588,,40.5,7.63,
I,Microbial inoculant blend 2,5,6,5.97,2.43,72.6,19.1,85.4,282.1,31.9,18.9,26.8,27.5,12.45,8.77,1080,548,354,624,614,699,538,429,862,1645,520,663,13.3,38.6,7.74,
I,Microbial inoculant blend 2,5,8,6.09,2.34,92.5,16.8,100.5,265.8,31.9,14.5,20.8,31.0,13.86,11.2,672,906,994,608,1449,403,765,579,745,349,1291,607,,40.0,7.04,
I,Microbial inoculant blend 2,5,10,6.08,2.61,91.2,14.8,89.5,238.5,38.8,18.6,28.8,29.72,13.11,8.59,1237,597,962,456,785,1520,1435,554,1088,1335,1034,345,,41.6,7.61,
I,Microbial inoculant blend 2,5,12,6.24,2.58,92.6,16.9,100.5,263.2,33.2,20.0,22.3,31.07,14.84,9.87,769,1143,585,1156,1438,1544,1190,550,865,762,463,1120,,47.7,7.4,3343.2
I,Microbial inoculant blend 2,6,0,6.61,2.03,81.0,14.7,89.6,238.3,25.4,15.6,25.9,24.97,10.18,9.13,604,330,1156,542,655,1452,458,960,926,698,857,1492,,39.4,5.9,
I,Microbial inoculant blend 2,6,2,6.38,2.29,80.2,16.2,89.4,253.7,34.1,16.4,23.2,25.9,9.2,7.76,592,899,792,562,784,909,331,1536,1549,521,1912,795,,39.8,6.18,
I,Microbial inoculant blend 2,6,4,6.2,2.52,83.6,15.2,88.3,243.6,30.3,16.7,19.7,30.45,11.12,9.67,696,623,933,655,1428,1019,671,1154,572,860,1145,553,,35.3,7.67,
I,Microbial inoculant blend 2,6,6,6.26,2.08,93.1,18.5,95.1,231.1,28.4,20.9,21.7,25.02,13.46,7.81,342,949,848,819,486,400,1158,457,1547,717,565,1343,12.7,42.7,7.71,
I,Microbial inoculant blend 2,6,8,6.41,2.63,92.3,16.2,104.0,260.1,39.3,15.0,25.8,27.21,14.06,9.67,1083,941,909,715,945,2036,655,653,633,219,860,1109,,37.7,7.38,
I,Microbial inoculant blend 2,6,10,6.42,2.43,89.4,15.6,106.5,280.0,35.0,16.0,24.3,28.43,12.87,10.87,685,564,495,575,1613,638,690,1098,717,465,934,865,,43.8,7.14,
I,Microbial inoculant blend 2,6,12,6.13,2.37,93.4,16.0,95.7,266.1,33.2,14.7,28.5,26.83,13.34,9.5,539,734,1061,1598,334,769,852,725,813,770,1135,817,,46.4,6.41,4124.5
J,Combined organic-mineral blend,1,0,6.18,2.23,87.0,17.0,98.5,226.2,31.6,14.7,22.9,27.64,15.59,9.17,191,844,628,1666,345,1151,497,459,652,819,539,456,,40.8,6.75,
J,Combined organic-mineral blend,1,2,6.27,2.25,83.3,18.6,105.1,224.0,32.0,17.8,28.5,33.8,11.58,11.17,894,1390,1178,912,695,959,787,463,1276,399,876,216,,41.4,6.82,
J,Combined organic-mineral blend,1,4,6.35,2.44,86.3,16.7,95.4,252.6,37.4,16.4,27.8,30.02,13.68,12.69,1920,557,931,293,1060,555,1230,467,382,610,774,511,,43.6,6.96,
J,Combined organic-mineral blend,1,6,6.39,2.18,84.3,18.4,101.2,237.4,36.5,15.9,22.5,30.81,13.3,9.34,432,567,730,822,334,405,997,1413,1160,613,1005,613,10.4,40.7,6.44,
J,Combined organic-mineral blend,1,8,6.05,2.44,80.3,18.7,103.3,248.2,34.0,14.9,26.7,30.36,13.92,10.73,761,1564,698,1583,1075,533,1716,611,804,554,967,490,,39.1,7.79,
J,Combined organic-mineral blend,1,10,6.15,2.37,84.0,16.4,101.7,258.5,29.9,21.5,24.6,30.45,12.72,9.97,808,828,1048,941,1078,1108,865,821,731,1225,715,330,,36.8,6.46,
J,Combined organic-mineral blend,1,12,6.27,2.37,85.9,17.2,107.3,248.2,35.0,16.9,27.6,33.24,11.0,11.71,603,468,2210,663,679,933,498,921,1302,470,1655,578,,39.2,7.72,4357.1
J,Combined organic-mineral blend,2,0,6.27,2.21,80.9,17.1,87.5,258.3,37.3,15.7,24.3,31.56,15.77,11.35,1333,2321,727,754,1593,660,456,649,1324,575,578,817,,36.4,6.39,
J,Combined organic-mineral blend,2,2,6.13,2.4,83.5,18.4,89.7,241.6,30.9,14.1,23.6,33.65,11.49,9.49,380,516,586,293,1044,628,482,186,873,1208,552,1515,,42.9,6.64,
J,Combined organic-mineral blend,2,4,6.31,2.43,82.5,17.7,97.9,228.1,30.2,15.4,26.4,31.78,14.27,10.33,980,925,359,446,1876,1544,1177,1200,410,970,1086,564,,38.9,6.9,
J,Combined organic-mineral blend,2,6,5.92,2.27,76.5,16.4,106.4,232.5,35.8,22.0,28.1,29.75,14.66,8.32,334,894,544,791,798,903,583,1189,460,453,496,1055,12.1,39.2,7.92,
J,Combined organic-mineral blend,2,8,6.19,2.23,92.6,17.7,109.5,257.9,34.1,19.8,21.0,28.04,12.08,7.49,1106,1192,1193,652,1056,519,1011,761,595,1029,1053,634,,40.8,7.47,
J,Combined organic-mineral blend,2,10,6.32,2.56,75.9,19.6,103.7,235.0,36.9,17.6,26.2,33.25,14.41,8.52,769,1080,310,385,880,1074,1028,1091,579,491,1159,482,,39.3,7.49,
J,Combined organic-mineral blend,2,12,6.27,2.46,91.5,18.9,106.6,249.6,37.9,18.1,24.5,31.4,14.49,11.75,508,870,695,368,2377,534,870,605,763,493,1384,1070,,39.7,7.93,4509.8
J,Combined organic-mineral blend,3,0,6.42,2.25,76.7,16.6,95.5,261.9,32.8,16.1,23.6,29.2,13.64,8.61,750,496,395,1927,743,1353,889,956,1165,957,525,1092,,40.4,6.08,
J,Combined organic-mineral blend,3,2,6.25,2.51,85.1,14.7,91.6,238.1,31.6,16.6,24.5,33.64,12.85,8.26,1492,705,1127,275,1217,662,959,627,1022,1131,863,653,,39.8,6.98,
J,Combined organic-mineral blend,3,4,6.19,2.33,87.5,19.2,95.4,228.7,32.9,20.0,21.2,30.85,14.92,6.97,784,654,529,608,415,347,1153,450,717,914,564,1138,,41.5,7.11,
J,Combined organic-mineral blend,3,6,6.21,2.41,81.6,15.5,98.6,240.1,37.9,17.5,22.7,28.54,13.5,9.88,945,286,644,647,985,1358,410,1301,1067,1532,284,178,14.4,39.3,6.01,
J,Combined organic-mineral blend,3,8,6.22,2.28,91.8,16.2,102.1,237.0,42.0,18.0,24.5,28.92,12.62,9.21,546,555,553,865,1556,1086,1232,707,1142,580,1066,717,,40.3,7.03,
J,Combined organic-mineral blend,3,10,6.27,2.41,94.6,19.6,104.9,278.8,34.7,18.6,27.7,33.31,15.19,11.05,1384,656,611,1229,939,995,503,484,482,974,389,897,,38.0,6.86,
J,Combined organic-mineral blend,3,12,6.39,2.68,84.7,16.8,105.2,253.5,32.9,18.0,29.4,26.77,16.33,9.76,779,592,767,706,956,427,546,410,1190,252,1278,550,,42.8,6.79,4218.0
J,Combined organic-mineral blend,4,0,6.01,2.21,90.4,18.6,98.0,209.5,28.5,14.9,23.0,24.25,12.25,11.6,995,590,553,1039,949,1565,1388,1424,251,751,689,588,,41.0,6.73,
J,Combined organic-mineral blend,4,2,6.27,2.27,87.7,18.4,102.6,248.8,35.5,17.9,30.5,32.1,12.71,8.55,655,1032,1369,359,533,540,839,452,1166,882,681,991,,39.1,6.89,
J,Combined organic-mineral blend,4,4,6.21,2.22,78.9,18.3,93.4,220.0,35.7,17.4,23.8,26.16,12.89,11.26,308,648,597,1250,1527,770,445,835,343,570,556,1017,,42.6,6.51,
J,Combined organic-mineral blend,4,6,6.16,2.59,78.3,19.2,109.1,261.8,32.7,19.4,23.7,27.23,12.67,9.28,707,735,382,457,1033,1317,801,1349,1539,711,858,673,13.4,39.2,8.14,
J,Combined organic-mineral blend,4,8,6.11,2.37,83.0,16.5,108.5,261.4,37.3,14.7,26.5,26.89,11.36,10.41,932,1032,1515,1534,953,410,1852,634,425,706,1108,726,,38.2,6.14,
J,Combined organic-mineral blend,4,10,6.35,2.37,93.4,17.9,99.9,240.7,35.6,16.9,27.5,28.1,14.71,12.26,865,981,1021,860,774,461,1040,568,906,405,518,785,,44.7,6.5,
J,Combined organic-mineral blend,4,12,6.26,2.36,99.6,18.1,98.7,257.6,35.5,17.9,26.7,30.7,11.73,10.04,698,729,797,1057,505,1126,683,659,615,667,337,534,,36.6,6.89,4038.0
J,Combined organic-mineral blend,5,0,6.23,2.35,84.1,16.3,89.9,251.6,31.9,15.3,22.9,25.8,11.79,8.81,622,759,1197,917,607,517,1350,934,1156,803,716,992,,38.9,6.45,
J,Combined organic-mineral blend,5,2,5.97,2.35,77.4,13.1,94.6,231.0,30.1,10.7,21.6,27.93,11.84,10.11,1464,863,418,1141,744,373,512,882,513,665,607,834,,36.7,7.3,
J,Combined organic-mineral blend,5,4,6.21,2.12,80.9,15.6,96.0,252.6,38.7,14.0,22.9,26.21,11.04,9.92,798,776,899,1106,942,1046,852,517,1117,806,1020,468,,45.5,8.08,
J,Combined organic-mineral blend,5,6,6.02,2.21,72.1,18.7,103.1,251.7,30.0,16.7,24.9,31.7,13.72,10.76,552,913,990,655,1632,1020,873,248,931,520,791,576,12.0,40.5,6.99,
J,Combined organic-mineral blend,5,8,6.06,2.29,93.4,15.2,103.1,248.7,31.3,20.6,22.5,26.41,13.2,9.21,736,790,838,1154,694,692,1441,1083,712,678,694,456,,40.4,6.5,
J,Combined organic-mineral blend,5,10,6.08,2.46,86.5,15.6,117.0,257.6,31.4,16.1,24.8,29.72,15.8,10.19,1907,859,1464,783,323,1440,854,625,736,943,1189,865,,42.3,7.11,
J,Combined organic-mineral blend,5,12,6.05,2.43,88.4,20.6,96.6,267.1,31.9,16.6,26.3,30.07,13.93,10.85,650,843,978,1101,1312,343,251,439,244,1671,701,432,,41.3,7.31,3778.3
J,Combined organic-mineral blend,6,0,6.28,2.23,84.7,15.8,86.0,232.0,34.1,16.8,23.5,30.69,12.31,9.55,443,591,284,431,1737,1130,982,620,562,516,844,963,,41.0,6.21,
J,Combined organic-mineral blend,6,2,6.33,2.31,81.6,16.3,91.6,254.9,29.5,15.9,24.6,33.29,12.84,9.35,1059,432,643,1348,1180,969,810,429,1531,1522,947,335,,39.4,7.54,
J,Combined organic-mineral blend,6,4,6.41,2.25,89.5,16.4,102.0,258.4,36.9,15.7,26.7,23.28,15.15,9.77,672,522,648,800,960,692,976,1992,974,896,185,733,,39.5,5.85,
J,Combined organic-mineral blend,6,6,5.95,2.51,88.8,13.7,95.7,263.5,32.8,19.1,27.1,25.28,13.06,9.43,413,295,907,1000,774,768,300,729,495,781,1570,917,11.2,44.3,7.12,
J,Combined organic-mineral blend,6,8,6.23,2.42,87.2,15.8,103.5,251.4,30.6,18.1,23.8,30.48,13.3,11.2,1228,1039,1400,836,740,980,1043,318,809,944,868,1165,,39.1,7.57,
J,Combined organic-mineral blend,6,10,6.3,2.56,83.7,19.6,101.4,282.1,34.7,13.7,27.3,28.92,13.12,8.55,1551,1535,450,694,384,986,552,693,720,2261,757,629,,42.4,7.7,
J,Combined organic-mineral blend,6,12,6.37,2.47,91.6,19.6,96.3,299.6,33.6,17.0,22.5,27.15,15.49,13.18,517,788,1630,632,1385,395,1118,575,1102,587,768,739,,33.9,7.25,4010.9
